time_s,x_0,x_1,x_2,x_3,d_0,d_1,d_2,d_3,u_0,u_1,u_2,u_3,a_0,a_1,a_2,a_3,e_0,e_1,e_2,e_3
0.000000000000000000e+00,-4.705589816802701036e-04,-4.645670760651978543e-04,-4.590353333857925496e-04,-4.535038750811662325e-04,-7.019130849869772808e-04,-6.820048285212776786e-04,-5.961608711980898902e-04,-6.280181471954524855e-04,0.000000000000000000e+00,0.000000000000000000e+00,0.000000000000000000e+00,0.000000000000000000e+00,0.000000000000000000e+00,0.000000000000000000e+00,0.000000000000000000e+00,0.000000000000000000e+00,-7.019130849869772808e-04,-6.820048285212776786e-04,-5.961608711980898902e-04,-6.280181471954524855e-04
5.000000000000000104e-04,-3.419403998095349537e-03,-2.822037365584223814e-03,-3.201428206862277394e-03,-2.638545160190172278e-03,1.040714638520256075e-03,-5.524503690915572826e-05,1.231126398865395929e-03,5.746450068940228261e-04,0.000000000000000000e+00,0.000000000000000000e+00,0.000000000000000000e+00,0.000000000000000000e+00,0.000000000000000000e+00,0.000000000000000000e+00,0.000000000000000000e+00,0.000000000000000000e+00,1.040714638520256075e-03,-5.524503690915572826e-05,1.231126398865395929e-03,5.746450068940228261e-04
1.000000000000000021e-03,-7.290425205536601311e-03,-3.198800755144763468e-03,-5.976672942389763162e-03,-2.760118908951824605e-03,1.066687174866282886e-03,-1.718548469415899244e-03,-1.048140660258774877e-03,1.644138917062096250e-03,0.000000000000000000e+00,0.000000000000000000e+00,0.000000000000000000e+00,0.000000000000000000e+00,0.000000000000000000e+00,0.000000000000000000e+00,0.000000000000000000e+00,0.000000000000000000e+00,1.066687174866282886e-03,-1.718548469415899244e-03,-1.048140660258774877e-03,1.644138917062096250e-03
1.500000000000000031e-03,-8.701778527762505863e-03,-1.493100541316186129e-03,-5.921197417176509922e-03,-2.358644563958450704e-03,-2.739148071661792120e-04,-9.551408726953473493e-04,6.640646556817134767e-04,5.235330303680522197e-05,0.000000000000000000e+00,0.000000000000000000e+00,0.000000000000000000e+00,0.000000000000000000e+00,0.000000000000000000e+00,0.000000000000000000e+00,0.000000000000000000e+00,0.000000000000000000e+00,-2.739148071661792120e-04,-9.551408726953473493e-04,6.640646556817134767e-04,5.235330303680522197e-05
2.000000000000000042e-03,-2.409832450452777282e-03,-8.797266036448972513e-04,-2.142631602995454659e-03,4.823499734315928999e-04,1.578486962968802447e-04,-3.041396247436662335e-04,-6.812371245259014278e-04,1.632412224377788887e-03,0.000000000000000000e+00,0.000000000000000000e+00,0.000000000000000000e+00,0.000000000000000000e+00,0.000000000000000000e+00,0.000000000000000000e+00,0.000000000000000000e+00,0.000000000000000000e+00,1.578486962968802447e-04,-3.041396247436662335e-04,-6.812371245259014278e-04,1.632412224377788887e-03
2.500000000000000052e-03,5.525877814713953638e-03,-4.303359635316103202e-03,6.601220328006305585e-04,4.813997337473059461e-03,5.841658533699097726e-04,1.679884363386768571e-03,9.712176334194827943e-04,-5.905594076896019621e-04,0.000000000000000000e+00,0.000000000000000000e+00,0.000000000000000000e+00,0.000000000000000000e+00,0.000000000000000000e+00,0.000000000000000000e+00,0.000000000000000000e+00,0.000000000000000000e+00,5.841658533699097726e-04,1.679884363386768571e-03,9.712176334194827943e-04,-5.905594076896019621e-04
3.000000000000000062e-03,5.080712669312125937e-03,-9.866541480583482238e-03,4.253082056532254615e-04,6.701581060651487162e-03,1.130330073047072000e-03,2.044537556005684444e-04,4.428471051836634391e-04,-1.516369986552599429e-03,0.000000000000000000e+00,0.000000000000000000e+00,0.000000000000000000e+00,0.000000000000000000e+00,0.000000000000000000e+00,0.000000000000000000e+00,0.000000000000000000e+00,0.000000000000000000e+00,1.130330073047072000e-03,2.044537556005684444e-04,4.428471051836634391e-04,-1.516369986552599429e-03
3.500000000000000073e-03,-6.860909751009829083e-03,-1.001281432037128341e-02,-2.069606961006676890e-03,2.569696094427525480e-03,7.441268027184132347e-04,1.707243285695949101e-03,8.768996237692770019e-04,-7.367602627594649703e-05,0.000000000000000000e+00,0.000000000000000000e+00,0.000000000000000000e+00,0.000000000000000000e+00,0.000000000000000000e+00,0.000000000000000000e+00,0.000000000000000000e+00,0.000000000000000000e+00,7.441268027184132347e-04,1.707243285695949101e-03,8.768996237692770019e-04,-7.367602627594649703e-05
4.000000000000000083e-03,-1.697386867338153416e-02,-2.881495598475222481e-03,-2.535418771424541654e-03,-5.194072882998209371e-03,6.708997528365905679e-04,1.226068100140997571e-03,1.197385047370275348e-04,-1.518266715191206708e-04,0.000000000000000000e+00,0.000000000000000000e+00,0.000000000000000000e+00,0.000000000000000000e+00,0.000000000000000000e+00,0.000000000000000000e+00,0.000000000000000000e+00,0.000000000000000000e+00,6.708997528365905679e-04,1.226068100140997571e-03,1.197385047370275348e-04,-1.518266715191206708e-04
4.499999999999999660e-03,-6.392626236154017559e-03,8.062881465306643083e-03,3.781690284787316003e-03,-6.932527362198666852e-03,1.594622686861496032e-03,1.535623159880659559e-03,4.288463161138167975e-04,2.053806356722890600e-05,0.000000000000000000e+00,0.000000000000000000e+00,0.000000000000000000e+00,0.000000000000000000e+00,0.000000000000000000e+00,0.000000000000000000e+00,0.000000000000000000e+00,0.000000000000000000e+00,1.594622686861496032e-03,1.535623159880659559e-03,4.288463161138167975e-04,2.053806356722890600e-05
5.000000000000000104e-03,2.374181790015366181e-02,1.200375246853840894e-02,1.272929568621925835e-02,1.243418013034122867e-03,-4.084951468894409434e-05,1.141922955218085045e-03,1.653147164541677585e-03,-1.456383058885348534e-03,0.000000000000000000e+00,0.000000000000000000e+00,0.000000000000000000e+00,0.000000000000000000e+00,0.000000000000000000e+00,0.000000000000000000e+00,0.000000000000000000e+00,0.000000000000000000e+00,-4.084951468894409434e-05,1.141922955218085045e-03,1.653147164541677585e-03,-1.456383058885348534e-03
5.499999999999999681e-03,4.786740378601506835e-02,1.606965336773937209e-03,1.516589169211620888e-02,1.462215356676445713e-02,-9.434846901384818119e-04,-6.667007369082161936e-04,1.161719328818390778e-03,-1.337459800981566057e-04,0.000000000000000000e+00,0.000000000000000000e+00,0.000000000000000000e+00,0.000000000000000000e+00,0.000000000000000000e+00,0.000000000000000000e+00,0.000000000000000000e+00,0.000000000000000000e+00,-9.434846901384818119e-04,-6.667007369082161936e-04,1.161719328818390778e-03,-1.337459800981566057e-04
6.000000000000000125e-03,3.734967517707510343e-02,-8.935470708132931678e-03,9.115053019283595251e-03,1.754283362077401973e-02,1.492582697428392275e-03,-1.547471013611238788e-03,-6.012419311479988470e-04,1.229527172079036357e-03,0.000000000000000000e+00,0.000000000000000000e+00,0.000000000000000000e+00,0.000000000000000000e+00,0.000000000000000000e+00,0.000000000000000000e+00,0.000000000000000000e+00,0.000000000000000000e+00,1.492582697428392275e-03,-1.547471013611238788e-03,-6.012419311479988470e-04,1.229527172079036357e-03
6.499999999999999702e-03,-9.058045774710895724e-04,2.079862749653559311e-03,5.627758099266539499e-03,4.017411258453247765e-03,5.105457631218039737e-04,2.936083738370151347e-05,8.839706201688428020e-04,6.637289279771799470e-04,0.000000000000000000e+00,0.000000000000000000e+00,0.000000000000000000e+00,0.000000000000000000e+00,0.000000000000000000e+00,0.000000000000000000e+00,0.000000000000000000e+00,0.000000000000000000e+00,5.105457631218039737e-04,2.936083738370151347e-05,8.839706201688428020e-04,6.637289279771799470e-04
7.000000000000000146e-03,-1.714881178245923274e-02,3.822368466928673797e-02,1.777386962721399719e-02,-1.166736737183731755e-02,3.936988779497141737e-04,8.396143501188018179e-04,1.157043674932462744e-03,1.200864904076765329e-03,0.000000000000000000e+00,0.000000000000000000e+00,0.000000000000000000e+00,0.000000000000000000e+00,0.000000000000000000e+00,0.000000000000000000e+00,0.000000000000000000e+00,0.000000000000000000e+00,3.936988779497141737e-04,8.396143501188018179e-04,1.157043674932462744e-03,1.200864904076765329e-03
7.499999999999999722e-03,3.271609255343219114e-02,7.173541733351627980e-02,4.523481805815984108e-02,-8.588137202071889631e-03,1.304454009925347033e-03,1.204065719373583528e-03,-1.841592516686489569e-03,-9.158323495657882040e-04,0.000000000000000000e+00,0.000000000000000000e+00,0.000000000000000000e+00,0.000000000000000000e+00,0.000000000000000000e+00,0.000000000000000000e+00,0.000000000000000000e+00,0.000000000000000000e+00,1.304454009925347033e-03,1.204065719373583528e-03,-1.841592516686489569e-03,-9.158323495657882040e-04
8.000000000000000167e-03,1.213296326937581410e-01,7.133785279954875380e-02,6.662430960873737262e-02,1.917973356130547521e-02,-1.033745818504791482e-03,-1.012892526710806092e-03,-6.180340499133517166e-04,-1.435525481660270691e-03,0.000000000000000000e+00,0.000000000000000000e+00,0.000000000000000000e+00,0.000000000000000000e+00,0.000000000000000000e+00,0.000000000000000000e+00,0.000000000000000000e+00,0.000000000000000000e+00,-1.033745818504791482e-03,-1.012892526710806092e-03,-6.180340499133517166e-04,-1.435525481660270691e-03
8.500000000000000611e-03,1.606197839503879787e-01,3.860248906143887160e-02,6.498767277095662820e-02,4.841454062986025320e-02,-2.203156387563510153e-05,3.520006123894178665e-04,3.179117953529340523e-05,-2.601520383326514101e-05,0.000000000000000000e+00,0.000000000000000000e+00,0.000000000000000000e+00,0.000000000000000000e+00,0.000000000000000000e+00,0.000000000000000000e+00,0.000000000000000000e+00,0.000000000000000000e+00,-2.203156387563510153e-05,3.520006123894178665e-04,3.179117953529340523e-05,-2.601520383326514101e-05
8.999999999999999320e-03,9.438587753085111998e-02,2.428861199694259607e-02,4.772447959168231446e-02,4.289377829805703091e-02,-1.635727315069369697e-03,-5.626738684519482381e-04,6.919041255738867056e-04,1.530846119616855686e-03,0.000000000000000000e+00,0.000000000000000000e+00,0.000000000000000000e+00,0.000000000000000000e+00,0.000000000000000000e+00,0.000000000000000000e+00,0.000000000000000000e+00,0.000000000000000000e+00,-1.635727315069369697e-03,-5.626738684519482381e-04,6.919041255738867056e-04,1.530846119616855686e-03
9.499999999999999764e-03,-1.222964522934809339e-02,7.580793918320939684e-02,4.718562490064508869e-02,-3.016870457832567160e-04,5.579737369441635899e-04,4.905760383576193272e-04,9.996165907549966166e-04,1.129473416333162152e-03,0.000000000000000000e+00,0.000000000000000000e+00,0.000000000000000000e+00,0.000000000000000000e+00,0.000000000000000000e+00,0.000000000000000000e+00,0.000000000000000000e+00,0.000000000000000000e+00,5.579737369441635899e-04,4.905760383576193272e-04,9.996165907549966166e-04,1.129473416333162152e-03
1.000000000000000021e-02,-2.102247104408194039e-02,1.721933945900206431e-01,8.656921599622686980e-02,-3.578305289631721758e-02,-1.291888242997378663e-03,-1.090785679137920529e-03,-1.822546901659968560e-04,-1.676174008689530325e-03,0.000000000000000000e+00,0.000000000000000000e+00,0.000000000000000000e+00,0.000000000000000000e+00,0.000000000000000000e+00,0.000000000000000000e+00,0.000000000000000000e+00,0.000000000000000000e+00,-1.291888242997378663e-03,-1.090785679137920529e-03,-1.822546901659968560e-04,-1.676174008689530325e-03
1.050000000000000065e-02,1.275991696704351364e-01,2.296746437864022883e-01,1.469183925756999409e-01,-9.524082686579790971e-03,1.417431850726668394e-03,8.098930211885387769e-04,1.763344762438246024e-03,-1.301978356951412948e-03,0.000000000000000000e+00,0.000000000000000000e+00,0.000000000000000000e+00,0.000000000000000000e+00,0.000000000000000000e+00,0.000000000000000000e+00,0.000000000000000000e+00,0.000000000000000000e+00,1.417431850726668394e-03,8.098930211885387769e-04,1.763344762438246024e-03,-1.301978356951412948e-03
1.099999999999999936e-02,3.103940089596766705e-01,1.884659989961924298e-01,1.773878802647432251e-01,6.960949688629324006e-02,2.004216254898927123e-03,5.360842770128143109e-04,1.819547767830333521e-03,9.938673055086684428e-05,0.000000000000000000e+00,0.000000000000000000e+00,0.000000000000000000e+00,0.000000000000000000e+00,0.000000000000000000e+00,0.000000000000000000e+00,0.000000000000000000e+00,0.000000000000000000e+00,2.004216254898927123e-03,5.360842770128143109e-04,1.819547767830333521e-03,9.938673055086684428e-05
1.149999999999999981e-02,3.164534184157168362e-01,9.367077564097779641e-02,1.516155367426714751e-01,1.216093170998168438e-01,1.602628152572670248e-03,1.059857369656936558e-03,2.027425444871898668e-03,6.040706210684541064e-04,0.000000000000000000e+00,0.000000000000000000e+00,0.000000000000000000e+00,0.000000000000000000e+00,0.000000000000000000e+00,0.000000000000000000e+00,0.000000000000000000e+00,0.000000000000000000e+00,1.602628152572670248e-03,1.059857369656936558e-03,2.027425444871898668e-03,6.040706210684541064e-04
1.200000000000000025e-02,9.018919216812608386e-02,7.711163625609331052e-02,1.040577918520772666e-01,7.622094094484797855e-02,1.698337518497995691e-03,-4.222334223864796280e-05,5.868553531175038293e-04,-5.834788864884043981e-04,0.000000000000000000e+00,0.000000000000000000e+00,0.000000000000000000e+00,0.000000000000000000e+00,0.000000000000000000e+00,0.000000000000000000e+00,0.000000000000000000e+00,0.000000000000000000e+00,1.698337518497995691e-03,-4.222334223864796280e-05,5.868553531175038293e-04,-5.834788864884043981e-04
1.250000000000000069e-02,-1.489415113630457588e-01,2.140806040997432214e-01,1.074955697551799871e-01,-3.473934396545422243e-02,2.021780250959617168e-03,8.989236037898646085e-04,8.182391585541981018e-04,1.170878917978642950e-03,0.000000000000000000e+00,0.000000000000000000e+00,0.000000000000000000e+00,0.000000000000000000e+00,0.000000000000000000e+00,0.000000000000000000e+00,0.000000000000000000e+00,0.000000000000000000e+00,2.021780250959617168e-03,8.989236037898646085e-04,8.182391585541981018e-04,1.170878917978642950e-03
1.299999999999999940e-02,-9.009115269184754526e-02,4.132341949667240888e-01,2.020139518010544977e-01,-7.865996090861131218e-02,1.011148585464233642e-03,5.816683519809157966e-05,2.824164733985769725e-04,-4.531857544881478942e-04,0.000000000000000000e+00,0.000000000000000000e+00,0.000000000000000000e+00,0.000000000000000000e+00,0.000000000000000000e+00,0.000000000000000000e+00,0.000000000000000000e+00,0.000000000000000000e+00,1.011148585464233642e-03,5.816683519809157966e-05,2.824164733985769725e-04,-4.531857544881478942e-04
1.349999999999999985e-02,3.112854508955104071e-01,4.763109106439436524e-01,3.387532888842437195e-01,4.057586874591619097e-02,1.488579243578957642e-03,4.481412967336961990e-03,1.347455325850272336e-03,6.418346133010431782e-05,0.000000000000000000e+00,0.000000000000000000e+00,0.000000000000000000e+00,0.000000000000000000e+00,0.000000000000000000e+00,0.000000000000000000e+00,0.000000000000000000e+00,0.000000000000000000e+00,1.488579243578957642e-03,4.481412967336961990e-03,1.347455325850272336e-03,6.418346133010431782e-05
1.400000000000000029e-02,6.791815005044051778e-01,2.984675740779245134e-01,3.963674229488656220e-01,2.359443736262321623e-01,4.709024930879551415e-03,2.825911289477046895e-03,2.868239353930083450e-03,-8.084957963366495122e-04,0.000000000000000000e+00,0.000000000000000000e+00,0.000000000000000000e+00,0.000000000000000000e+00,0.000000000000000000e+00,0.000000000000000000e+00,0.000000000000000000e+00,0.000000000000000000e+00,4.709024930879551415e-03,2.825911289477046895e-03,2.868239353930083450e-03,-8.084957963366495122e-04
1.450000000000000074e-02,5.012454221029478685e-01,3.017957322184175104e-03,2.680106994643663976e-01,2.608984124723379705e-01,4.742454063267263938e-03,2.479231604879218037e-03,3.667478678097155741e-03,1.200111908633198212e-03,0.000000000000000000e+00,0.000000000000000000e+00,0.000000000000000000e+00,0.000000000000000000e+00,0.000000000000000000e+00,0.000000000000000000e+00,0.000000000000000000e+00,0.000000000000000000e+00,4.742454063267263938e-03,2.479231604879218037e-03,3.667478678097155741e-03,1.200111908633198212e-03
1.499999999999999944e-02,-3.580159223023208770e-01,-1.570956744762231072e-01,-6.612786546755052008e-02,-7.405792174497058400e-02,4.439448755939531810e-03,1.448436820834931920e-03,7.667590651359950087e-04,2.502396545254065036e-03,0.000000000000000000e+00,0.000000000000000000e+00,0.000000000000000000e+00,0.000000000000000000e+00,0.000000000000000000e+00,0.000000000000000000e+00,0.000000000000000000e+00,0.000000000000000000e+00,4.439448755939531810e-03,1.448436820834931920e-03,7.667590651359950087e-04,2.502396545254065036e-03
1.549999999999999989e-02,-1.424510577577484227e+00,-8.346952251316364091e-02,-5.259566354527522858e-01,-6.553341003466863768e-01,2.256658159715033661e-03,3.829507973744952515e-03,3.057523337535035871e-03,6.022939715626567710e-04,0.000000000000000000e+00,0.000000000000000000e+00,0.000000000000000000e+00,0.000000000000000000e+00,0.000000000000000000e+00,0.000000000000000000e+00,0.000000000000000000e+00,0.000000000000000000e+00,2.256658159715033661e-03,3.829507973744952515e-03,3.057523337535035871e-03,6.022939715626567710e-04
1.600000000000000033e-02,-1.965949531026337294e+00,1.125928979884846005e-02,-9.766105564226197355e-01,-1.055589130630043115e+00,3.133898852122850558e-04,7.889149675750391222e-03,5.625908618470477733e-03,-3.366864367397889683e-04,0.000000000000000000e+00,0.000000000000000000e+00,0.000000000000000000e+00,0.000000000000000000e+00,0.000000000000000000e+00,0.000000000000000000e+00,0.000000000000000000e+00,0.000000000000000000e+00,3.133898852122850558e-04,7.889149675750391222e-03,5.625908618470477733e-03,-3.366864367397889683e-04
1.650000000000000078e-02,-1.637790546116020041e+00,-2.273423234213512167e-01,-1.270721566691884741e+00,-8.393622509021777534e-01,3.706301168456362094e-03,8.036900706486117471e-03,7.712373620448424207e-03,-6.452925563101279561e-04,0.000000000000000000e+00,0.000000000000000000e+00,0.000000000000000000e+00,0.000000000000000000e+00,0.000000000000000000e+00,0.000000000000000000e+00,0.000000000000000000e+00,0.000000000000000000e+00,3.706301168456362094e-03,8.036900706486117471e-03,7.712373620448424207e-03,-6.452925563101279561e-04
1.700000000000000122e-02,-8.108221022855963689e-01,-9.116459053150598457e-01,-1.261206859684329107e+00,5.434981757063435392e-02,1.025540333318008396e-02,6.755940545617534002e-03,9.885038179931748825e-03,2.666954607275960881e-03,0.000000000000000000e+00,0.000000000000000000e+00,0.000000000000000000e+00,0.000000000000000000e+00,0.000000000000000000e+00,0.000000000000000000e+00,0.000000000000000000e+00,0.000000000000000000e+00,1.025540333318008396e-02,6.755940545617534002e-03,9.885038179931748825e-03,2.666954607275960881e-03
1.750000000000000167e-02,-2.281042093855192299e-01,-1.696047160815090438e+00,-8.305665555722137050e-01,1.171166246376660336e+00,1.179110610183890101e-02,4.653148407920627144e-03,7.289445419782738383e-03,5.558739637522963281e-03,0.000000000000000000e+00,0.000000000000000000e+00,0.000000000000000000e+00,0.000000000000000000e+00,0.000000000000000000e+00,0.000000000000000000e+00,0.000000000000000000e+00,0.000000000000000000e+00,1.179110610183890101e-02,4.653148407920627144e-03,7.289445419782738383e-03,5.558739637522963281e-03
1.799999999999999864e-02,-2.864570553844465461e-01,-2.012157118955235635e+00,2.684766335650656116e-02,1.818256515762689984e+00,6.064029036081480979e-03,4.998751804749540506e-03,7.248750090506991643e-03,7.913856215853727616e-03,0.000000000000000000e+00,0.000000000000000000e+00,0.000000000000000000e+00,0.000000000000000000e+00,0.000000000000000000e+00,0.000000000000000000e+00,0.000000000000000000e+00,0.000000000000000000e+00,6.064029036081480979e-03,4.998751804749540506e-03,7.248750090506991643e-03,7.913856215853727616e-03
1.849999999999999908e-02,-6.597944033016802656e-01,-1.574364585618356571e+00,1.085218105244887488e+00,1.553736134519405176e+00,-6.913344573391821957e-04,1.218325832788422734e-02,4.681869817445369168e-03,5.749337511785546431e-03,0.000000000000000000e+00,0.000000000000000000e+00,0.000000000000000000e+00,0.000000000000000000e+00,0.000000000000000000e+00,0.000000000000000000e+00,0.000000000000000000e+00,0.000000000000000000e+00,-6.913344573391821957e-04,1.218325832788422734e-02,4.681869817445369168e-03,5.749337511785546431e-03
1.899999999999999953e-02,-6.448876513240960895e-01,-6.934635993295523715e-01,1.869690985375750847e+00,4.954348774619595219e-01,1.708424237091300205e-03,1.873301888521486380e-02,1.045444980777562004e-02,1.131377018832106264e-03,0.000000000000000000e+00,0.000000000000000000e+00,0.000000000000000000e+00,0.000000000000000000e+00,0.000000000000000000e+00,0.000000000000000000e+00,0.000000000000000000e+00,0.000000000000000000e+00,1.708424237091300205e-03,1.873301888521486380e-02,1.045444980777562004e-02,1.131377018832106264e-03
1.949999999999999997e-02,1.042653344036229141e-01,-3.554726297248557432e-02,1.869549840226772952e+00,-7.749710664207224431e-01,1.212886729298090840e-02,1.855612864881081223e-02,1.698430138667917852e-02,1.758530972101283053e-03,0.000000000000000000e+00,0.000000000000000000e+00,0.000000000000000000e+00,0.000000000000000000e+00,0.000000000000000000e+00,0.000000000000000000e+00,0.000000000000000000e+00,0.000000000000000000e+00,1.212886729298090840e-02,1.855612864881081223e-02,1.698430138667917852e-02,1.758530972101283053e-03
2.000000000000000042e-02,1.188152391434011523e+00,-2.746804482329068264e-02,8.927879886810993204e-01,-1.619801452207803472e+00,2.229845678719536220e-02,1.377164412352718109e-02,1.764268288143855043e-02,1.063802380255442388e-02,0.000000000000000000e+00,0.000000000000000000e+00,0.000000000000000000e+00,0.000000000000000000e+00,0.000000000000000000e+00,0.000000000000000000e+00,0.000000000000000000e+00,0.000000000000000000e+00,2.229845678719536220e-02,1.377164412352718109e-02,1.764268288143855043e-02,1.063802380255442388e-02
2.050000000000000086e-02,1.807076705403142025e+00,-4.594015085957869338e-01,-6.734690548146575750e-01,-1.718500955701663058e+00,2.256400430019416675e-02,5.611520277123405002e-03,1.357098860323101286e-02,1.363870657737006886e-02,0.000000000000000000e+00,0.000000000000000000e+00,0.000000000000000000e+00,0.000000000000000000e+00,0.000000000000000000e+00,0.000000000000000000e+00,0.000000000000000000e+00,0.000000000000000000e+00,2.256400430019416675e-02,5.611520277123405002e-03,1.357098860323101286e-02,1.363870657737006886e-02
2.100000000000000130e-02,1.517715372463484425e+00,-6.913541727391159242e-01,-1.980510126605165899e+00,-1.170356361199624162e+00,-1.349957526488708252e-03,2.527956075694772972e-03,2.766734000583349201e-03,9.431938340648607366e-03,0.000000000000000000e+00,0.000000000000000000e+00,0.000000000000000000e+00,0.000000000000000000e+00,0.000000000000000000e+00,0.000000000000000000e+00,0.000000000000000000e+00,0.000000000000000000e+00,-1.349957526488708252e-03,2.527956075694772972e-03,2.766734000583349201e-03,9.431938340648607366e-03
2.149999999999999828e-02,6.689062741577741500e-01,-2.760364170644223347e-01,-2.226777733084494670e+00,-3.300268035982995007e-01,-3.652324916978484659e-02,6.245899792856111563e-03,-1.198027559865067794e-02,-9.323554262214385144e-03,0.000000000000000000e+00,0.000000000000000000e+00,0.000000000000000000e+00,0.000000000000000000e+00,0.000000000000000000e+00,0.000000000000000000e+00,0.000000000000000000e+00,0.000000000000000000e+00,-3.652324916978484659e-02,6.245899792856111563e-03,-1.198027559865067794e-02,-9.323554262214385144e-03
2.199999999999999872e-02,9.152400080790366876e-02,5.889633659481640082e-01,-1.248648360511828370e+00,4.203413771273808441e-01,-6.100015604959064391e-02,3.779460592401575822e-03,-2.732748264956468345e-02,-3.039896447573832081e-02,0.000000000000000000e+00,0.000000000000000000e+00,0.000000000000000000e+00,0.000000000000000000e+00,0.000000000000000000e+00,0.000000000000000000e+00,0.000000000000000000e+00,0.000000000000000000e+00,-6.100015604959064391e-02,3.779460592401575822e-03,-2.732748264956468345e-02,-3.039896447573832081e-02
2.249999999999999917e-02,3.429086656819939072e-01,1.233467063043080181e+00,2.919161920967471291e-01,7.988872112681423276e-01,-6.398721717913334606e-02,-1.293782030864279627e-02,-4.060179732564101612e-02,-3.778184271191954713e-02,0.000000000000000000e+00,0.000000000000000000e+00,0.000000000000000000e+00,0.000000000000000000e+00,0.000000000000000000e+00,0.000000000000000000e+00,0.000000000000000000e+00,0.000000000000000000e+00,-6.398721717913334606e-02,-1.293782030864279627e-02,-4.060179732564101612e-02,-3.778184271191954713e-02
2.299999999999999961e-02,1.192695762886097022e+00,1.154349308650377770e+00,1.342085012474074190e+00,6.688121329426762740e-01,-4.798069811048674693e-02,-4.584849399238398460e-02,-4.973238733640411580e-02,-1.960541377928652282e-02,0.000000000000000000e+00,0.000000000000000000e+00,0.000000000000000000e+00,0.000000000000000000e+00,0.000000000000000000e+00,0.000000000000000000e+00,0.000000000000000000e+00,0.000000000000000000e+00,-4.798069811048674693e-02,-4.584849399238398460e-02,-4.973238733640411580e-02,-1.960541377928652282e-02
2.350000000000000006e-02,1.799320537804177444e+00,5.036700933843053507e-01,1.212596529057181627e+00,7.835791007084393078e-02,-2.643214073476140430e-02,-8.318090181601801858e-02,-4.648372024144286491e-02,1.680703089474978526e-02,0.000000000000000000e+00,0.000000000000000000e+00,0.000000000000000000e+00,0.000000000000000000e+00,0.000000000000000000e+00,0.000000000000000000e+00,0.000000000000000000e+00,0.000000000000000000e+00,-2.643214073476140430e-02,-8.318090181601801858e-02,-4.648372024144286491e-02,1.680703089474978526e-02
2.400000000000000050e-02,1.402538054878478491e+00,-5.503910120823100188e-02,9.544818682221514750e-02,-6.969006192139864941e-01,-2.263174122913487463e-02,-9.780994714645695198e-02,-3.278148018718075873e-02,4.147939641733268401e-02,0.000000000000000000e+00,0.000000000000000000e+00,0.000000000000000000e+00,0.000000000000000000e+00,0.000000000000000000e+00,0.000000000000000000e+00,0.000000000000000000e+00,0.000000000000000000e+00,-2.263174122913487463e-02,-9.780994714645695198e-02,-3.278148018718075873e-02,4.147939641733268401e-02
2.450000000000000094e-02,-5.052970844706774350e-02,2.512909597388079952e-02,-1.095717039618513189e+00,-1.231112175103750150e+00,-3.247049356233734640e-02,-8.004112836028103029e-02,1.134428872116765782e-04,4.061311628727437562e-02,0.000000000000000000e+00,0.000000000000000000e+00,0.000000000000000000e+00,0.000000000000000000e+00,0.000000000000000000e+00,0.000000000000000000e+00,0.000000000000000000e+00,0.000000000000000000e+00,-3.247049356233734640e-02,-8.004112836028103029e-02,1.134428872116765782e-04,4.061311628727437562e-02
2.500000000000000139e-02,-1.826857768076218358e+00,6.712550810949673430e-01,-1.438643679299067113e+00,-1.184194770893497894e+00,-3.289107203726401168e-02,-3.715304791760436903e-02,3.711439985150485205e-02,4.519650950527340921e-03,0.000000000000000000e+00,0.000000000000000000e+00,0.000000000000000000e+00,0.000000000000000000e+00,0.000000000000000000e+00,0.000000000000000000e+00,0.000000000000000000e+00,0.000000000000000000e+00,-3.289107203726401168e-02,-3.715304791760436903e-02,3.711439985150485205e-02,4.519650950527340921e-03
2.549999999999999836e-02,-2.881605608398972063e+00,1.282240171249962479e+00,-6.960245466524751512e-01,-5.553763648409193454e-01,-9.512138927967019042e-03,-7.509654317896850926e-04,5.494437536568176628e-02,-3.970069927062007398e-02,0.000000000000000000e+00,0.000000000000000000e+00,0.000000000000000000e+00,0.000000000000000000e+00,0.000000000000000000e+00,0.000000000000000000e+00,0.000000000000000000e+00,0.000000000000000000e+00,-9.512138927967019042e-03,-7.509654317896850926e-04,5.494437536568176628e-02,-3.970069927062007398e-02
2.599999999999999881e-02,-2.544910384684403670e+00,1.317797919276211704e+00,5.594508131956481556e-01,2.794322673428322190e-01,2.471473980362470096e-02,1.426271842919863211e-02,4.060038817460245864e-02,-6.943825406007717027e-02,0.000000000000000000e+00,0.000000000000000000e+00,0.000000000000000000e+00,0.000000000000000000e+00,0.000000000000000000e+00,0.000000000000000000e+00,0.000000000000000000e+00,0.000000000000000000e+00,2.471473980362470096e-02,1.426271842919863211e-02,4.060038817460245864e-02,-6.943825406007717027e-02
2.649999999999999925e-02,-9.598760337026360778e-01,8.041105316808365711e-01,1.459620193455238191e+00,8.587787929724118863e-01,5.370863255696906036e-02,-4.742215134352701419e-04,-3.063981740525292038e-03,-6.470752387538057648e-02,0.000000000000000000e+00,0.000000000000000000e+00,0.000000000000000000e+00,0.000000000000000000e+00,0.000000000000000000e+00,0.000000000000000000e+00,0.000000000000000000e+00,0.000000000000000000e+00,5.370863255696906036e-02,-4.742215134352701419e-04,-3.063981740525292038e-03,-6.470752387538057648e-02
2.699999999999999969e-02,9.811059854698069849e-01,2.733330948554604234e-01,1.523669945359389821e+00,1.013306054876351725e+00,5.667334181562538181e-02,-1.405171381677734407e-02,-5.541186641068390067e-02,-3.674681055961480369e-02,0.000000000000000000e+00,0.000000000000000000e+00,0.000000000000000000e+00,0.000000000000000000e+00,0.000000000000000000e+00,0.000000000000000000e+00,0.000000000000000000e+00,0.000000000000000000e+00,5.667334181562538181e-02,-1.405171381677734407e-02,-5.541186641068390067e-02,-3.674681055961480369e-02
2.750000000000000014e-02,2.161745698799451443e+00,2.151010979665510803e-01,9.250903314607337169e-01,9.696685012160757289e-01,3.254361171477684195e-02,-1.400696435317598000e-02,-8.174372792945416855e-02,-9.975529832787599204e-04,0.000000000000000000e+00,0.000000000000000000e+00,0.000000000000000000e+00,0.000000000000000000e+00,0.000000000000000000e+00,0.000000000000000000e+00,0.000000000000000000e+00,0.000000000000000000e+00,3.254361171477684195e-02,-1.400696435317598000e-02,-8.174372792945416855e-02,-9.975529832787599204e-04
2.800000000000000058e-02,1.939795388237429252e+00,6.040514864134167716e-01,1.813212616073506533e-01,1.066503344321715785e+00,1.067129872280209169e-02,3.770395883744066812e-03,-6.128409260536641506e-02,2.439102924609696729e-02,0.000000000000000000e+00,0.000000000000000000e+00,0.000000000000000000e+00,0.000000000000000000e+00,0.000000000000000000e+00,0.000000000000000000e+00,0.000000000000000000e+00,0.000000000000000000e+00,1.067129872280209169e-02,3.770395883744066812e-03,-6.128409260536641506e-02,2.439102924609696729e-02
2.850000000000000103e-02,5.641334890933618063e-01,9.382354712425247101e-01,-3.689471663486824649e-01,1.330093793204881747e+00,5.512198674650563984e-03,2.558231047481648521e-02,-1.085736407381042261e-02,2.655374422390728920e-02,0.000000000000000000e+00,0.000000000000000000e+00,0.000000000000000000e+00,0.000000000000000000e+00,0.000000000000000000e+00,0.000000000000000000e+00,0.000000000000000000e+00,0.000000000000000000e+00,5.512198674650563984e-03,2.558231047481648521e-02,-1.085736407381042261e-02,2.655374422390728920e-02
2.900000000000000147e-02,-9.828693659806195804e-01,7.395929374392556932e-01,-7.942311042291517742e-01,1.377379601859193281e+00,2.582822157132383042e-02,3.049691535116723709e-02,3.903283482971089957e-02,1.483548864540655543e-02,0.000000000000000000e+00,0.000000000000000000e+00,0.000000000000000000e+00,0.000000000000000000e+00,0.000000000000000000e+00,0.000000000000000000e+00,0.000000000000000000e+00,0.000000000000000000e+00,2.582822157132383042e-02,3.049691535116723709e-02,3.903283482971089957e-02,1.483548864540655543e-02
2.949999999999999845e-02,-1.672450347502752344e+00,3.347412224821372240e-02,-1.306991471045605646e+00,7.955319519742002354e-01,5.158455061974072386e-02,2.435850591005648408e-02,4.903298760710693427e-02,-1.972499788896234750e-04,0.000000000000000000e+00,0.000000000000000000e+00,0.000000000000000000e+00,0.000000000000000000e+00,0.000000000000000000e+00,0.000000000000000000e+00,0.000000000000000000e+00,0.000000000000000000e+00,5.158455061974072386e-02,2.435850591005648408e-02,4.903298760710693427e-02,-1.972499788896234750e-04
2.999999999999999889e-02,-1.169121474586376497e+00,-6.558327821733345164e-01,-1.851228369535285356e+00,-3.545335662750709882e-01,5.373127929618471549e-02,1.839620289121709357e-02,2.414959145095494156e-02,-1.400084479188489113e-02,0.000000000000000000e+00,0.000000000000000000e+00,0.000000000000000000e+00,0.000000000000000000e+00,0.000000000000000000e+00,0.000000000000000000e+00,0.000000000000000000e+00,0.000000000000000000e+00,5.373127929618471549e-02,1.839620289121709357e-02,2.414959145095494156e-02,-1.400084479188489113e-02
3.049999999999999933e-02,-2.373709607569680913e-02,-7.635014669876304394e-01,-2.023879698827216522e+00,-1.450405455717620695e+00,1.783137652882567023e-02,2.309946088945520962e-02,-1.439613873503187494e-02,-2.361809222173866241e-02,0.000000000000000000e+00,0.000000000000000000e+00,0.000000000000000000e+00,0.000000000000000000e+00,0.000000000000000000e+00,0.000000000000000000e+00,0.000000000000000000e+00,0.000000000000000000e+00,1.783137652882567023e-02,2.309946088945520962e-02,-1.439613873503187494e-02,-2.361809222173866241e-02
3.099999999999999978e-02,8.498800054205564170e-01,-1.709721691360775730e-01,-1.454703014945171846e+00,-1.791296845887179634e+00,-4.029186313986175827e-02,3.717121265371291228e-02,-2.985096569429889629e-02,-1.976626098758064304e-02,0.000000000000000000e+00,0.000000000000000000e+00,0.000000000000000000e+00,0.000000000000000000e+00,0.000000000000000000e+00,0.000000000000000000e+00,0.000000000000000000e+00,0.000000000000000000e+00,-4.029186313986175827e-02,3.717121265371291228e-02,-2.985096569429889629e-02,-1.976626098758064304e-02
3.150000000000000022e-02,9.701987910581784114e-01,6.967158094881873431e-01,-2.659899978952519062e-01,-1.229768794251617781e+00,-8.958559613898584018e-02,4.528522316023028682e-02,-1.428886046609990565e-02,-1.452282410263740220e-02,0.000000000000000000e+00,0.000000000000000000e+00,0.000000000000000000e+00,0.000000000000000000e+00,0.000000000000000000e+00,0.000000000000000000e+00,0.000000000000000000e+00,0.000000000000000000e+00,-8.958559613898584018e-02,4.528522316023028682e-02,-1.428886046609990565e-02,-1.452282410263740220e-02
3.200000000000000067e-02,6.385262377929653566e-01,1.232165153903768573e+00,8.969974508484974685e-01,-3.274635761131589051e-01,-9.714586457266582986e-02,3.306705152221744992e-02,1.906851054920566044e-02,-1.826161052159297254e-03,0.000000000000000000e+00,0.000000000000000000e+00,0.000000000000000000e+00,0.000000000000000000e+00,0.000000000000000000e+00,0.000000000000000000e+00,0.000000000000000000e+00,0.000000000000000000e+00,-9.714586457266582986e-02,3.306705152221744992e-02,1.906851054920566044e-02,-1.826161052159297254e-03
3.250000000000000111e-02,5.233240342870265627e-01,1.104935520947882832e+00,1.381111195644986633e+00,1.543978982703625158e-01,-5.806021402042903928e-02,1.074430517750605760e-02,4.582431669649759259e-02,6.014313116211582322e-03,0.000000000000000000e+00,0.000000000000000000e+00,0.000000000000000000e+00,0.000000000000000000e+00,0.000000000000000000e+00,0.000000000000000000e+00,0.000000000000000000e+00,0.000000000000000000e+00,-5.806021402042903928e-02,1.074430517750605760e-02,4.582431669649759259e-02,6.014313116211582322e-03
3.300000000000000155e-02,8.952134484861333785e-01,4.498619645719657001e-01,1.114906618684413653e+00,-3.540389355142019301e-02,1.084048753761241574e-02,-3.832696187745922994e-03,4.577788293865896196e-02,1.324468564468197357e-02,0.000000000000000000e+00,0.000000000000000000e+00,0.000000000000000000e+00,0.000000000000000000e+00,0.000000000000000000e+00,0.000000000000000000e+00,0.000000000000000000e+00,0.000000000000000000e+00,1.084048753761241574e-02,-3.832696187745922994e-03,4.577788293865896196e-02,1.324468564468197357e-02
3.350000000000000200e-02,1.285870533742530464e+00,-3.467336989252799984e-01,6.813668456302366394e-01,-4.445456770860712892e-01,7.044714341225018217e-02,1.032896681605942855e-03,2.379522978458117541e-02,2.989402157494744361e-02,0.000000000000000000e+00,0.000000000000000000e+00,0.000000000000000000e+00,0.000000000000000000e+00,0.000000000000000000e+00,0.000000000000000000e+00,0.000000000000000000e+00,0.000000000000000000e+00,7.044714341225018217e-02,1.032896681605942855e-03,2.379522978458117541e-02,2.989402157494744361e-02
3.400000000000000244e-02,9.676429205371802622e-01,-9.735610545957329443e-01,7.496709942135881821e-01,-4.065590463836004087e-01,8.313925654272809329e-02,2.343490562859434911e-02,2.050192519560791685e-03,4.994603572842631900e-02,0.000000000000000000e+00,0.000000000000000000e+00,0.000000000000000000e+00,0.000000000000000000e+00,0.000000000000000000e+00,0.000000000000000000e+00,0.000000000000000000e+00,0.000000000000000000e+00,8.313925654272809329e-02,2.343490562859434911e-02,2.050192519560791685e-03,4.994603572842631900e-02
3.450000000000000289e-02,-2.205696485239547755e-01,-1.376024131427704411e+00,1.399456290439976325e+00,2.543153825470558793e-01,5.405878723950920811e-02,4.622804472959905070e-02,-9.667716611704214869e-03,7.251545916492703470e-02,0.000000000000000000e+00,0.000000000000000000e+00,0.000000000000000000e+00,0.000000000000000000e+00,0.000000000000000000e+00,0.000000000000000000e+00,0.000000000000000000e+00,0.000000000000000000e+00,5.405878723950920811e-02,4.622804472959905070e-02,-9.667716611704214869e-03,7.251545916492703470e-02
3.500000000000000333e-02,-1.530215161445732441e+00,-1.657198139754858524e+00,2.020540269912228126e+00,1.035091680298139583e+00,2.091502919240253652e-03,4.952063107531021885e-02,-1.262174588651730940e-02,7.989772153172605695e-02,0.000000000000000000e+00,0.000000000000000000e+00,0.000000000000000000e+00,0.000000000000000000e+00,0.000000000000000000e+00,0.000000000000000000e+00,0.000000000000000000e+00,0.000000000000000000e+00,2.091502919240253652e-03,4.952063107531021885e-02,-1.262174588651730940e-02,7.989772153172605695e-02
3.549999999999999684e-02,-1.872269666970067359e+00,-1.874189627177747397e+00,1.899115333907494207e+00,1.247074567044631488e+00,-2.681419998527753701e-02,2.923782015569834081e-02,-2.059479795205537700e-02,5.388765199155590851e-02,0.000000000000000000e+00,0.000000000000000000e+00,0.000000000000000000e+00,0.000000000000000000e+00,0.000000000000000000e+00,0.000000000000000000e+00,0.000000000000000000e+00,0.000000000000000000e+00,-2.681419998527753701e-02,2.923782015569834081e-02,-2.059479795205537700e-02,5.388765199155590851e-02
3.599999999999999728e-02,-8.204481662035560952e-01,-1.945154082240348137e+00,9.483371486589996513e-01,7.051327355483374415e-01,-2.273413417958075611e-02,-3.397824491285436187e-03,-3.653801266307755979e-02,7.200655278456575756e-03,0.000000000000000000e+00,0.000000000000000000e+00,0.000000000000000000e+00,0.000000000000000000e+00,0.000000000000000000e+00,0.000000000000000000e+00,0.000000000000000000e+00,0.000000000000000000e+00,-2.273413417958075611e-02,-3.397824491285436187e-03,-3.653801266307755979e-02,7.200655278456575756e-03
3.649999999999999772e-02,9.087636895777276846e-01,-1.733535640027209501e+00,-1.598098929130053469e-01,-7.950611591248592236e-02,-9.689302200948722403e-04,-2.373622330973142180e-02,-5.442719677224364810e-02,-4.403949061484703498e-02,0.000000000000000000e+00,0.000000000000000000e+00,0.000000000000000000e+00,0.000000000000000000e+00,0.000000000000000000e+00,0.000000000000000000e+00,0.000000000000000000e+00,0.000000000000000000e+00,-9.689302200948722403e-04,-2.373622330973142180e-02,-5.442719677224364810e-02,-4.403949061484703498e-02
3.699999999999999817e-02,2.010575858637831725e+00,-1.205653871586062742e+00,-6.356204739943478454e-01,-3.854850856509292045e-01,1.814082206607699199e-02,-2.381366666925923900e-02,-5.219139797751222443e-02,-6.993281715496391104e-02,0.000000000000000000e+00,0.000000000000000000e+00,0.000000000000000000e+00,0.000000000000000000e+00,0.000000000000000000e+00,0.000000000000000000e+00,0.000000000000000000e+00,0.000000000000000000e+00,1.814082206607699199e-02,-2.381366666925923900e-02,-5.219139797751222443e-02,-6.993281715496391104e-02
3.749999999999999861e-02,1.700747521055628875e+00,-4.896015071775000616e-01,-3.576654990768037834e-01,6.479262084927375764e-02,1.205886539378136016e-02,-5.665403377278511662e-03,-2.711514266098770734e-02,-6.542946617198024117e-02,0.000000000000000000e+00,0.000000000000000000e+00,0.000000000000000000e+00,0.000000000000000000e+00,0.000000000000000000e+00,0.000000000000000000e+00,0.000000000000000000e+00,0.000000000000000000e+00,1.205886539378136016e-02,-5.665403377278511662e-03,-2.711514266098770734e-02,-6.542946617198024117e-02
3.799999999999999906e-02,3.604835092131557506e-01,2.254177145177855002e-01,9.653520377181028234e-03,8.878536417471259989e-01,-2.661921194888600302e-03,1.517411296857800601e-02,6.402608590876727492e-03,-3.726281345155354335e-02,0.000000000000000000e+00,0.000000000000000000e+00,0.000000000000000000e+00,0.000000000000000000e+00,0.000000000000000000e+00,0.000000000000000000e+00,0.000000000000000000e+00,0.000000000000000000e+00,-2.661921194888600302e-03,1.517411296857800601e-02,6.402608590876727492e-03,-3.726281345155354335e-02
3.849999999999999950e-02,-8.492802460625386018e-01,8.040151984086656434e-01,-2.942336912979352515e-01,1.407204843506052905e+00,-2.814652774284220893e-03,2.717792642526777394e-02,3.469455112604213909e-02,-1.640617788153721918e-02,0.000000000000000000e+00,0.000000000000000000e+00,0.000000000000000000e+00,0.000000000000000000e+00,0.000000000000000000e+00,0.000000000000000000e+00,0.000000000000000000e+00,0.000000000000000000e+00,-2.814652774284220893e-03,2.717792642526777394e-02,3.469455112604213909e-02,-1.640617788153721918e-02
3.899999999999999994e-02,-1.031552489005175932e+00,1.190680394859114699e+00,-1.294819569965792283e+00,1.207321775522236518e+00,1.635760729437391037e-02,2.067470714185465006e-02,4.183242578061083239e-02,-7.834926644956094477e-03,0.000000000000000000e+00,0.000000000000000000e+00,0.000000000000000000e+00,0.000000000000000000e+00,0.000000000000000000e+00,0.000000000000000000e+00,0.000000000000000000e+00,0.000000000000000000e+00,1.635760729437391037e-02,2.067470714185465006e-02,4.183242578061083239e-02,-7.834926644956094477e-03
3.950000000000000039e-02,-2.891696722229337713e-01,1.355650063922757331e+00,-2.176026617475550928e+00,3.656315110161614257e-01,4.379424840577137573e-02,4.191281799534679608e-03,3.352901894001045907e-02,-5.486597150497451482e-03,0.000000000000000000e+00,0.000000000000000000e+00,0.000000000000000000e+00,0.000000000000000000e+00,0.000000000000000000e+00,0.000000000000000000e+00,0.000000000000000000e+00,0.000000000000000000e+00,4.379424840577137573e-02,4.191281799534679608e-03,3.352901894001045907e-02,-5.486597150497451482e-03
4.000000000000000083e-02,4.876408038572320192e-01,1.268811921099026740e+00,-2.048637802856753343e+00,-6.993211642370766867e-01,4.619499622879737200e-02,-1.745429481449105660e-02,3.747977957575595459e-02,3.778353770523787056e-03,0.000000000000000000e+00,0.000000000000000000e+00,0.000000000000000000e+00,0.000000000000000000e+00,0.000000000000000000e+00,0.000000000000000000e+00,0.000000000000000000e+00,0.000000000000000000e+00,4.619499622879737200e-02,-1.745429481449105660e-02,3.747977957575595459e-02,3.778353770523787056e-03
4.050000000000000128e-02,4.970414768285905671e-01,9.579045330497226729e-01,-8.669517657280205736e-01,-1.544109379429985829e+00,1.248867273969235872e-02,-3.229121938598553121e-02,5.300278915700675636e-02,2.629042573131236057e-02,0.000000000000000000e+00,0.000000000000000000e+00,0.000000000000000000e+00,0.000000000000000000e+00,0.000000000000000000e+00,0.000000000000000000e+00,0.000000000000000000e+00,0.000000000000000000e+00,1.248867273969235872e-02,-3.229121938598553121e-02,5.300278915700675636e-02,2.629042573131236057e-02
4.100000000000000172e-02,-3.042559770665627106e-01,5.901607357279470278e-01,4.372962771857072384e-01,-1.877347582074124999e+00,-3.652526159371183301e-02,-4.607324586039686365e-02,7.053312078439252786e-02,4.576141945320385401e-02,0.000000000000000000e+00,0.000000000000000000e+00,0.000000000000000000e+00,0.000000000000000000e+00,0.000000000000000000e+00,0.000000000000000000e+00,0.000000000000000000e+00,0.000000000000000000e+00,-3.652526159371183301e-02,-4.607324586039686365e-02,7.053312078439252786e-02,4.576141945320385401e-02
4.150000000000000216e-02,-1.283451834264662805e+00,4.077399373991994480e-01,7.828773956437127257e-01,-1.599395481192859236e+00,-5.739867029466459714e-02,-5.489967470079991363e-02,6.929729952874011389e-02,4.320898667632024071e-02,0.000000000000000000e+00,0.000000000000000000e+00,0.000000000000000000e+00,0.000000000000000000e+00,0.000000000000000000e+00,0.000000000000000000e+00,0.000000000000000000e+00,0.000000000000000000e+00,-5.739867029466459714e-02,-5.489967470079991363e-02,6.929729952874011389e-02,4.320898667632024071e-02
4.200000000000000261e-02,-1.793351778037987065e+00,5.376025006590631206e-01,-4.721531067208040167e-02,-8.338531560086753780e-01,-3.487195254291011043e-02,-5.950658831905609319e-02,3.716761853339817928e-02,2.135201446580065748e-02,0.000000000000000000e+00,0.000000000000000000e+00,0.000000000000000000e+00,0.000000000000000000e+00,0.000000000000000000e+00,0.000000000000000000e+00,0.000000000000000000e+00,0.000000000000000000e+00,-3.487195254291011043e-02,-5.950658831905609319e-02,3.716761853339817928e-02,2.135201446580065748e-02
4.250000000000000305e-02,-1.682239309549303341e+00,8.226956146305047790e-01,-1.194415294703951691e+00,6.365790300476917296e-02,2.344380682800987353e-02,-5.545771154139682302e-02,-3.921519639146669664e-03,-8.476744867925921703e-03,0.000000000000000000e+00,0.000000000000000000e+00,0.000000000000000000e+00,0.000000000000000000e+00,0.000000000000000000e+00,0.000000000000000000e+00,0.000000000000000000e+00,0.000000000000000000e+00,2.344380682800987353e-02,-5.545771154139682302e-02,-3.921519639146669664e-03,-8.476744867925921703e-03
4.299999999999999656e-02,-1.219393803525057551e+00,8.979028489027967019e-01,-1.520035390738829095e+00,6.333411516221387760e-01,6.513550159272868401e-02,-4.612424585753310824e-02,-3.007100920350228371e-02,-1.740836199263135625e-02,0.000000000000000000e+00,0.000000000000000000e+00,0.000000000000000000e+00,0.000000000000000000e+00,0.000000000000000000e+00,0.000000000000000000e+00,0.000000000000000000e+00,0.000000000000000000e+00,6.513550159272868401e-02,-4.612424585753310824e-02,-3.007100920350228371e-02,-1.740836199263135625e-02
4.349999999999999700e-02,-6.564740792667143054e-01,5.070101134181962399e-01,-6.558452167401578325e-01,6.286476378258381015e-01,6.058642567617411601e-02,-2.729320942799066257e-02,-3.054424539295345215e-02,3.356540553164272939e-03,0.000000000000000000e+00,0.000000000000000000e+00,0.000000000000000000e+00,0.000000000000000000e+00,0.000000000000000000e+00,0.000000000000000000e+00,0.000000000000000000e+00,0.000000000000000000e+00,6.058642567617411601e-02,-2.729320942799066257e-02,-3.054424539295345215e-02,3.356540553164272939e-03
4.399999999999999745e-02,1.398920577576335568e-02,-2.125811979927654805e-01,6.883244918680591073e-01,2.518333438643474698e-01,2.048704049827084969e-02,1.409012379099745587e-03,-1.592506603362829967e-02,3.227479429613157313e-02,0.000000000000000000e+00,0.000000000000000000e+00,0.000000000000000000e+00,0.000000000000000000e+00,0.000000000000000000e+00,0.000000000000000000e+00,0.000000000000000000e+00,0.000000000000000000e+00,2.048704049827084969e-02,1.409012379099745587e-03,-1.592506603362829967e-02,3.227479429613157313e-02
4.449999999999999789e-02,8.323358440313032292e-01,-7.782692685299263946e-01,1.431767592872471573e+00,6.885675676977950216e-03,-2.187442871937050198e-02,2.905036317943383503e-02,-1.360063185069526615e-02,4.777723841044807102e-02,0.000000000000000000e+00,0.000000000000000000e+00,0.000000000000000000e+00,0.000000000000000000e+00,0.000000000000000000e+00,0.000000000000000000e+00,0.000000000000000000e+00,0.000000000000000000e+00,-2.187442871937050198e-02,2.905036317943383503e-02,-1.360063185069526615e-02,4.777723841044807102e-02
4.499999999999999833e-02,1.506130645264234680e+00,-7.684554206011011690e-01,1.108203856964623979e+00,2.278998074025052056e-01,-3.457447906209364791e-02,5.025846094988541124e-02,-3.282136994279510889e-02,4.222482306591072293e-02,0.000000000000000000e+00,0.000000000000000000e+00,0.000000000000000000e+00,0.000000000000000000e+00,0.000000000000000000e+00,0.000000000000000000e+00,0.000000000000000000e+00,0.000000000000000000e+00,-3.457447906209364791e-02,5.025846094988541124e-02,-3.282136994279510889e-02,4.222482306591072293e-02
4.549999999999999878e-02,1.444664243127830927e+00,-2.417637120643107151e-01,2.158061721890130458e-01,7.033347244335864668e-01,-9.903140787092472308e-03,5.899348377057886395e-02,-5.649737030578830255e-02,1.704025905369158100e-02,0.000000000000000000e+00,0.000000000000000000e+00,0.000000000000000000e+00,0.000000000000000000e+00,0.000000000000000000e+00,0.000000000000000000e+00,0.000000000000000000e+00,0.000000000000000000e+00,-9.903140787092472308e-03,5.899348377057886395e-02,-5.649737030578830255e-02,1.704025905369158100e-02
4.599999999999999922e-02,3.057887983486327066e-01,2.441803971845702970e-01,-3.436281018680040211e-01,8.369793497868965870e-01,1.943002275904114756e-02,4.910661629209475687e-02,-5.483629770981935520e-02,-1.837165355120480223e-02,0.000000000000000000e+00,0.000000000000000000e+00,0.000000000000000000e+00,0.000000000000000000e+00,0.000000000000000000e+00,0.000000000000000000e+00,0.000000000000000000e+00,0.000000000000000000e+00,1.943002275904114756e-02,4.910661629209475687e-02,-5.483629770981935520e-02,-1.837165355120480223e-02
4.649999999999999967e-02,-1.469079025537995964e+00,1.098079832326403077e-01,-1.159041825752390870e-01,2.506113524910208445e-01,2.564535870370381401e-02,2.908437887215763878e-02,-2.488484884737505315e-02,-4.517253633919590672e-02,0.000000000000000000e+00,0.000000000000000000e+00,0.000000000000000000e+00,0.000000000000000000e+00,0.000000000000000000e+00,0.000000000000000000e+00,0.000000000000000000e+00,0.000000000000000000e+00,2.564535870370381401e-02,2.908437887215763878e-02,-2.488484884737505315e-02,-4.517253633919590672e-02
4.700000000000000011e-02,-2.756110509902008676e+00,-6.829233914100945046e-01,5.774766167239633319e-01,-7.543623933294411055e-01,-6.139277350065837704e-03,1.463996165701250685e-02,1.351389083376040336e-02,-6.234759718005249834e-02,0.000000000000000000e+00,0.000000000000000000e+00,0.000000000000000000e+00,0.000000000000000000e+00,0.000000000000000000e+00,0.000000000000000000e+00,0.000000000000000000e+00,0.000000000000000000e+00,-6.139277350065837704e-03,1.463996165701250685e-02,1.351389083376040336e-02,-6.234759718005249834e-02
4.750000000000000056e-02,-2.538992001085303762e+00,-1.518471106514626801e+00,1.072945245802327863e+00,-1.368754321201664625e+00,-4.873411734290754999e-02,8.639325464539177740e-03,2.952589906926018568e-02,-6.216313382650669878e-02,0.000000000000000000e+00,0.000000000000000000e+00,0.000000000000000000e+00,0.000000000000000000e+00,0.000000000000000000e+00,0.000000000000000000e+00,0.000000000000000000e+00,0.000000000000000000e+00,-4.873411734290754999e-02,8.639325464539177740e-03,2.952589906926018568e-02,-6.216313382650669878e-02
4.800000000000000100e-02,-7.792498352888873603e-01,-1.608379220022156497e+00,1.038642990026034330e+00,-9.821783672820246780e-01,-7.735974453596625167e-02,1.257635043690597323e-02,7.502339696292342590e-03,-4.638701752053141225e-02,0.000000000000000000e+00,0.000000000000000000e+00,0.000000000000000000e+00,0.000000000000000000e+00,0.000000000000000000e+00,0.000000000000000000e+00,0.000000000000000000e+00,0.000000000000000000e+00,-7.735974453596625167e-02,1.257635043690597323e-02,7.502339696292342590e-03,-4.638701752053141225e-02
4.850000000000000144e-02,1.454299423653927503e+00,-6.866100037896393227e-01,7.117265936567961360e-01,2.248475571943720774e-01,-7.827986210377935183e-02,1.850953976013595612e-02,-3.517428513373224708e-02,-2.069037058334959392e-02,0.000000000000000000e+00,0.000000000000000000e+00,0.000000000000000000e+00,0.000000000000000000e+00,0.000000000000000000e+00,0.000000000000000000e+00,0.000000000000000000e+00,0.000000000000000000e+00,-7.827986210377935183e-02,1.850953976013595612e-02,-3.517428513373224708e-02,-2.069037058334959392e-02
4.900000000000000189e-02,2.742991762551994839e+00,7.079660249228273416e-01,5.387040170613478507e-01,1.396228808931979870e+00,-5.842342721408941286e-02,1.523160924880479807e-02,-5.672020560500394548e-02,7.567664801566642042e-03,0.000000000000000000e+00,0.000000000000000000e+00,0.000000000000000000e+00,0.000000000000000000e+00,0.000000000000000000e+00,0.000000000000000000e+00,0.000000000000000000e+00,0.000000000000000000e+00,-5.842342721408941286e-02,1.523160924880479807e-02,-5.672020560500394548e-02,7.567664801566642042e-03
4.950000000000000233e-02,2.371895353197733147e+00,1.639963156768870833e+00,6.565096636497557148e-01,1.710407140914904423e+00,-2.868679778531126393e-02,-2.607211394488380667e-03,-4.195805095099860993e-02,1.428356755291694015e-02,0.000000000000000000e+00,0.000000000000000000e+00,0.000000000000000000e+00,0.000000000000000000e+00,0.000000000000000000e+00,0.000000000000000000e+00,0.000000000000000000e+00,0.000000000000000000e+00,-2.868679778531126393e-02,-2.607211394488380667e-03,-4.195805095099860993e-02,1.428356755291694015e-02
5.000000000000000278e-02,8.180609036713452076e-01,1.509015423919833454e+00,7.698987798074612421e-01,1.050904581485547551e+00,4.872430178756589035e-04,-2.540469413236107546e-02,-2.949074164958811681e-03,6.929381215842170608e-03,0.000000000000000000e+00,0.000000000000000000e+00,0.000000000000000000e+00,0.000000000000000000e+00,0.000000000000000000e+00,0.000000000000000000e+00,0.000000000000000000e+00,0.000000000000000000e+00,4.872430178756589035e-04,-2.540469413236107546e-02,-2.949074164958811681e-03,6.929381215842170608e-03
5.050000000000000322e-02,-7.026693867215981770e-01,5.023599444005439896e-01,4.975601643302396404e-01,4.753339303839942270e-02,2.783768086485681817e-02,-3.497215969988063528e-02,2.962418562491320184e-02,-3.047806730962198882e-03,0.000000000000000000e+00,0.000000000000000000e+00,0.000000000000000000e+00,0.000000000000000000e+00,0.000000000000000000e+00,0.000000000000000000e+00,0.000000000000000000e+00,0.000000000000000000e+00,2.783768086485681817e-02,-3.497215969988063528e-02,2.962418562491320184e-02,-3.047806730962198882e-03
5.099999999999999672e-02,-1.192773275485694340e+00,-6.248784992918632319e-01,-1.873234791414567502e-01,-5.045335400896945321e-01,4.521224500108634442e-02,-2.807286362097833124e-02,3.179791209639741545e-02,2.911100574074655667e-03,0.000000000000000000e+00,0.000000000000000000e+00,0.000000000000000000e+00,0.000000000000000000e+00,0.000000000000000000e+00,0.000000000000000000e+00,0.000000000000000000e+00,0.000000000000000000e+00,4.521224500108634442e-02,-2.807286362097833124e-02,3.179791209639741545e-02,2.911100574074655667e-03
5.149999999999999717e-02,-5.538126732353725323e-01,-1.191027656508847565e+00,-8.767907645517869497e-01,-2.963209343488172887e-01,4.793041302670059817e-02,-6.492791685509606038e-03,8.185903644101237206e-03,1.981450080057382129e-02,0.000000000000000000e+00,0.000000000000000000e+00,0.000000000000000000e+00,0.000000000000000000e+00,0.000000000000000000e+00,0.000000000000000000e+00,0.000000000000000000e+00,0.000000000000000000e+00,4.793041302670059817e-02,-6.492791685509606038e-03,8.185903644101237206e-03,1.981450080057382129e-02
5.199999999999999761e-02,4.898422207182797639e-01,-1.079959924100287294e+00,-1.099687473086145006e+00,3.131268063716534100e-01,2.027108198575762812e-02,1.445561674048919179e-02,-7.542648214979302476e-03,3.635293973645189330e-02,0.000000000000000000e+00,0.000000000000000000e+00,0.000000000000000000e+00,0.000000000000000000e+00,0.000000000000000000e+00,0.000000000000000000e+00,0.000000000000000000e+00,0.000000000000000000e+00,2.027108198575762812e-02,1.445561674048919179e-02,-7.542648214979302476e-03,3.635293973645189330e-02
5.249999999999999806e-02,1.044268678145824358e+00,-6.907182222414486317e-01,-7.649706871693946475e-01,6.842467823214535283e-01,-2.887593784345537581e-02,1.638250103014039435e-02,1.881220287978528681e-04,2.593653634350335385e-02,0.000000000000000000e+00,0.000000000000000000e+00,0.000000000000000000e+00,0.000000000000000000e+00,0.000000000000000000e+00,0.000000000000000000e+00,0.000000000000000000e+00,0.000000000000000000e+00,-2.887593784345537581e-02,1.638250103014039435e-02,1.881220287978528681e-04,2.593653634350335385e-02
5.299999999999999850e-02,6.976464768349450729e-01,-4.667165895066873738e-01,-2.465894760033146005e-01,4.461000906810370648e-01,-7.403007956021870339e-02,-3.754496971680629583e-03,2.721894936478456983e-02,-8.541294464066217368e-03,0.000000000000000000e+00,0.000000000000000000e+00,0.000000000000000000e+00,0.000000000000000000e+00,0.000000000000000000e+00,0.000000000000000000e+00,0.000000000000000000e+00,0.000000000000000000e+00,-7.403007956021870339e-02,-3.754496971680629583e-03,2.721894936478456983e-02,-8.541294464066217368e-03
5.349999999999999895e-02,-2.920695129964396841e-01,-4.776960211143850832e-01,-4.748290553354105742e-02,-2.350575262690318967e-01,-8.535388476867532270e-02,-3.850812024597388000e-02,4.659328672177200092e-02,-4.354561554429069864e-02,0.000000000000000000e+00,0.000000000000000000e+00,0.000000000000000000e+00,0.000000000000000000e+00,0.000000000000000000e+00,0.000000000000000000e+00,0.000000000000000000e+00,0.000000000000000000e+00,-8.535388476867532270e-02,-3.850812024597388000e-02,4.659328672177200092e-02,-4.354561554429069864e-02
5.399999999999999939e-02,-1.288222419466646285e+00,-4.293398074259185959e-01,-3.598305757066704857e-01,-8.391951379412589951e-01,-4.816119005398141611e-02,-5.668320135037788893e-02,4.388209179955929878e-02,-5.366722585611279073e-02,0.000000000000000000e+00,0.000000000000000000e+00,0.000000000000000000e+00,0.000000000000000000e+00,0.000000000000000000e+00,0.000000000000000000e+00,0.000000000000000000e+00,0.000000000000000000e+00,-4.816119005398141611e-02,-5.668320135037788893e-02,4.388209179955929878e-02,-5.366722585611279073e-02
5.449999999999999983e-02,-1.734263430607727807e+00,-2.942639685240669434e-02,-9.209188378664998620e-01,-9.340067734057908577e-01,1.769809082841942993e-02,-4.549426855367352113e-02,1.705468932740475743e-02,-2.499733786772466437e-02,0.000000000000000000e+00,0.000000000000000000e+00,0.000000000000000000e+00,0.000000000000000000e+00,0.000000000000000000e+00,0.000000000000000000e+00,0.000000000000000000e+00,0.000000000000000000e+00,1.769809082841942993e-02,-4.549426855367352113e-02,1.705468932740475743e-02,-2.499733786772466437e-02
5.500000000000000028e-02,-1.449660899849008810e+00,6.731869623808828251e-01,-1.251181293852521970e+00,-4.984307495077567873e-01,6.825373539369943010e-02,-6.051918902635266759e-03,-4.811703015130557905e-03,2.210846151049046526e-02,0.000000000000000000e+00,0.000000000000000000e+00,0.000000000000000000e+00,0.000000000000000000e+00,0.000000000000000000e+00,0.000000000000000000e+00,0.000000000000000000e+00,0.000000000000000000e+00,6.825373539369943010e-02,-6.051918902635266759e-03,-4.811703015130557905e-03,2.210846151049046526e-02
5.550000000000000072e-02,-6.442614539529623041e-01,1.306145119018692347e+00,-1.060559213202600937e+00,1.014269902999027362e-01,7.908131482293979941e-02,3.749596169630593084e-02,-6.307417000351691824e-03,5.496966814830486076e-02,0.000000000000000000e+00,0.000000000000000000e+00,0.000000000000000000e+00,0.000000000000000000e+00,0.000000000000000000e+00,0.000000000000000000e+00,0.000000000000000000e+00,0.000000000000000000e+00,7.908131482293979941e-02,3.749596169630593084e-02,-6.307417000351691824e-03,5.496966814830486076e-02
5.600000000000000117e-02,2.646061009897920369e-01,1.499757578164771177e+00,-4.326343912297135330e-01,4.414568060176495834e-01,5.083894390570355831e-02,6.223534379011730344e-02,1.209902967673686693e-02,5.687049971023572237e-02,0.000000000000000000e+00,0.000000000000000000e+00,0.000000000000000000e+00,0.000000000000000000e+00,0.000000000000000000e+00,0.000000000000000000e+00,0.000000000000000000e+00,0.000000000000000000e+00,5.083894390570355831e-02,6.223534379011730344e-02,1.209902967673686693e-02,5.687049971023572237e-02
5.650000000000000161e-02,8.790391680126459217e-01,1.200463448762870478e+00,3.297687529225013514e-01,3.848111010992080194e-01,1.109751672382235793e-02,5.482389211670052331e-02,3.232221984169924428e-02,3.943560598961812907e-02,0.000000000000000000e+00,0.000000000000000000e+00,0.000000000000000000e+00,0.000000000000000000e+00,0.000000000000000000e+00,0.000000000000000000e+00,0.000000000000000000e+00,0.000000000000000000e+00,1.109751672382235793e-02,5.482389211670052331e-02,3.232221984169924428e-02,3.943560598961812907e-02
5.700000000000000205e-02,1.005552904846410911e+00,6.878945177136274181e-01,9.981310961802518644e-01,1.571925794364450457e-01,-8.704798646736188611e-03,2.361342312210160110e-02,3.239246690787159211e-02,1.447228454943802825e-02,0.000000000000000000e+00,0.000000000000000000e+00,0.000000000000000000e+00,0.000000000000000000e+00,0.000000000000000000e+00,0.000000000000000000e+00,0.000000000000000000e+00,0.000000000000000000e+00,-8.704798646736188611e-03,2.361342312210160110e-02,3.239246690787159211e-02,1.447228454943802825e-02
5.750000000000000250e-02,7.276290868265371525e-01,2.856653143289804575e-01,1.518578927674210766e+00,9.130024969104764965e-02,-2.364988344676001442e-03,-1.125059119146926655e-02,1.011191634142631982e-02,8.639457390533004932e-03,0.000000000000000000e+00,0.000000000000000000e+00,0.000000000000000000e+00,0.000000000000000000e+00,0.000000000000000000e+00,0.000000000000000000e+00,0.000000000000000000e+00,0.000000000000000000e+00,-2.364988344676001442e-03,-1.125059119146926655e-02,1.011191634142631982e-02,8.639457390533004932e-03
5.800000000000000294e-02,3.244943989723845790e-01,6.207909819620967273e-02,1.865275490821009408e+00,2.582992268221755428e-01,1.959140553187469977e-02,-3.501123174175913705e-02,-1.868356795196826972e-02,1.333385979503728773e-02,0.000000000000000000e+00,0.000000000000000000e+00,0.000000000000000000e+00,0.000000000000000000e+00,0.000000000000000000e+00,0.000000000000000000e+00,0.000000000000000000e+00,0.000000000000000000e+00,1.959140553187469977e-02,-3.501123174175913705e-02,-1.868356795196826972e-02,1.333385979503728773e-02
5.850000000000000339e-02,8.454908262384577822e-02,-1.872408490525293845e-01,1.872590540171375606e+00,3.787285486780767041e-01,3.289067682601987119e-02,-4.163988421123300532e-02,-3.304608178295886239e-02,1.856945912610686450e-02,0.000000000000000000e+00,0.000000000000000000e+00,0.000000000000000000e+00,0.000000000000000000e+00,0.000000000000000000e+00,0.000000000000000000e+00,0.000000000000000000e+00,0.000000000000000000e+00,3.289067682601987119e-02,-4.163988421123300532e-02,-3.304608178295886239e-02,1.856945912610686450e-02
5.899999999999999689e-02,1.257593616881847176e-01,-6.852926147770525001e-01,1.330789089254890367e+00,1.171969834297933721e-01,1.932292281714155513e-02,-3.619780999556619638e-02,-2.979393618809969557e-02,9.957075015082887323e-03,0.000000000000000000e+00,0.000000000000000000e+00,0.000000000000000000e+00,0.000000000000000000e+00,0.000000000000000000e+00,0.000000000000000000e+00,0.000000000000000000e+00,0.000000000000000000e+00,1.932292281714155513e-02,-3.619780999556619638e-02,-2.979393618809969557e-02,9.957075015082887323e-03
5.949999999999999734e-02,3.666199815713391263e-01,-1.393326109814041702e+00,2.773637149229557508e-01,-5.040642213248430759e-01,-1.186605905204056281e-02,-2.474625380143484141e-02,-1.842272915306575332e-02,-1.092917960321187695e-02,0.000000000000000000e+00,0.000000000000000000e+00,0.000000000000000000e+00,0.000000000000000000e+00,0.000000000000000000e+00,0.000000000000000000e+00,0.000000000000000000e+00,0.000000000000000000e+00,-1.186605905204056281e-02,-2.474625380143484141e-02,-1.842272915306575332e-02,-1.092917960321187695e-02
5.999999999999999778e-02,6.579864622850418732e-01,-1.962805300102161032e+00,-8.335080979705714599e-01,-1.004361230724817089e+00,-4.759764047149529081e-02,-1.342278470849845445e-02,-1.817203909571394119e-02,-3.375365147409203209e-02,0.000000000000000000e+00,0.000000000000000000e+00,0.000000000000000000e+00,0.000000000000000000e+00,0.000000000000000000e+00,0.000000000000000000e+00,0.000000000000000000e+00,0.000000000000000000e+00,-4.759764047149529081e-02,-1.342278470849845445e-02,-1.817203909571394119e-02,-3.375365147409203209e-02
6.049999999999999822e-02,9.130288277854534673e-01,-1.978750335270959892e+00,-1.375878641160924509e+00,-8.462875714267510396e-01,-6.902134944153925922e-02,2.981260864775474653e-03,-2.615621586223318071e-02,-4.211178399318703247e-02,0.000000000000000000e+00,0.000000000000000000e+00,0.000000000000000000e+00,0.000000000000000000e+00,0.000000000000000000e+00,0.000000000000000000e+00,0.000000000000000000e+00,0.000000000000000000e+00,-6.902134944153925922e-02,2.981260864775474653e-03,-2.615621586223318071e-02,-4.211178399318703247e-02
6.099999999999999867e-02,1.116003504763423582e+00,-1.274354057271745555e+00,-1.084092246728699305e+00,-8.415536205701587211e-03,-6.810435467838309165e-02,1.653493481663902490e-02,-3.758364514143153201e-02,-3.554640049065545260e-02,0.000000000000000000e+00,0.000000000000000000e+00,0.000000000000000000e+00,0.000000000000000000e+00,0.000000000000000000e+00,0.000000000000000000e+00,0.000000000000000000e+00,0.000000000000000000e+00,-6.810435467838309165e-02,1.653493481663902490e-02,-3.758364514143153201e-02,-3.554640049065545260e-02
6.149999999999999911e-02,1.199050173826307519e+00,-6.262928870526358882e-02,-3.464300625195136929e-01,8.588478612741795581e-01,-4.526310937665072726e-02,2.612459715656409096e-02,-4.002471891753949657e-02,-1.827539243781884856e-02,0.000000000000000000e+00,0.000000000000000000e+00,0.000000000000000000e+00,0.000000000000000000e+00,0.000000000000000000e+00,0.000000000000000000e+00,0.000000000000000000e+00,0.000000000000000000e+00,-4.526310937665072726e-02,2.612459715656409096e-02,-4.002471891753949657e-02,-1.827539243781884856e-02
6.199999999999999956e-02,9.880265942611301533e-01,1.179433911175290062e+00,8.902528367282977473e-02,9.345328437918577480e-01,-9.510591564745388138e-03,2.672422648797268332e-02,-2.973343653879487181e-02,-4.900387758577499399e-03,0.000000000000000000e+00,0.000000000000000000e+00,0.000000000000000000e+00,0.000000000000000000e+00,0.000000000000000000e+00,0.000000000000000000e+00,0.000000000000000000e+00,0.000000000000000000e+00,-9.510591564745388138e-03,2.672422648797268332e-02,-2.973343653879487181e-02,-4.900387758577499399e-03
6.250000000000000000e-02,3.590411807203517935e-01,1.989584188784088381e+00,-2.130208506994203665e-01,-1.583100421833970317e-02,1.908542744330160926e-02,2.295490501326350949e-02,-5.539082457874949621e-03,3.222892856494055137e-03,0.000000000000000000e+00,0.000000000000000000e+00,0.000000000000000000e+00,0.000000000000000000e+00,0.000000000000000000e+00,0.000000000000000000e+00,0.000000000000000000e+00,0.000000000000000000e+00,1.908542744330160926e-02,2.295490501326350949e-02,-5.539082457874949621e-03,3.222892856494055137e-03
6.300000000000000044e-02,-5.257161542769048790e-01,2.143103993591237266e+00,-9.324353738620808629e-01,-1.323307137235295139e+00,3.558754189064840256e-02,1.836388671895659505e-02,2.209637947376939110e-02,4.674667705100760302e-03,0.000000000000000000e+00,0.000000000000000000e+00,0.000000000000000000e+00,0.000000000000000000e+00,0.000000000000000000e+00,0.000000000000000000e+00,0.000000000000000000e+00,0.000000000000000000e+00,3.558754189064840256e-02,1.836388671895659505e-02,2.209637947376939110e-02,4.674667705100760302e-03
6.350000000000000089e-02,-1.203508412786811421e+00,1.711295491280795389e+00,-1.271783803735782925e+00,-1.926493368635665782e+00,3.429822837896209092e-02,1.648191202098834435e-02,5.323656151965603517e-02,1.112032150435446690e-02,0.000000000000000000e+00,0.000000000000000000e+00,0.000000000000000000e+00,0.000000000000000000e+00,0.000000000000000000e+00,0.000000000000000000e+00,0.000000000000000000e+00,0.000000000000000000e+00,3.429822837896209092e-02,1.648191202098834435e-02,5.323656151965603517e-02,1.112032150435446690e-02
6.400000000000000133e-02,-1.220213809852780162e+00,9.894218898261324391e-01,-7.165435748052491061e-01,-1.299478696961426261e+00,2.291055292701430629e-02,1.797268069112146344e-02,7.430897437467907929e-02,2.086885749520317468e-02,0.000000000000000000e+00,0.000000000000000000e+00,0.000000000000000000e+00,0.000000000000000000e+00,0.000000000000000000e+00,0.000000000000000000e+00,0.000000000000000000e+00,0.000000000000000000e+00,2.291055292701430629e-02,1.797268069112146344e-02,7.430897437467907929e-02,2.086885749520317468e-02
6.450000000000000178e-02,-5.366061475838991290e-01,3.092723511399335656e-01,4.464039365319517616e-01,4.244119087160563158e-02,1.616932381305138250e-02,1.554755444705148947e-02,8.156819258760128477e-02,2.549315352658458253e-02,0.000000000000000000e+00,0.000000000000000000e+00,0.000000000000000000e+00,0.000000000000000000e+00,0.000000000000000000e+00,0.000000000000000000e+00,0.000000000000000000e+00,0.000000000000000000e+00,1.616932381305138250e-02,1.554755444705148947e-02,8.156819258760128477e-02,2.549315352658458253e-02
6.500000000000000222e-02,3.847418223710742380e-01,-1.336797257979239484e-01,1.350842569582773267e+00,9.684022098729920813e-01,1.673196562805712856e-02,-8.776064413430781450e-04,6.562551379798413353e-02,1.853043413146593377e-02,0.000000000000000000e+00,0.000000000000000000e+00,0.000000000000000000e+00,0.000000000000000000e+00,0.000000000000000000e+00,0.000000000000000000e+00,0.000000000000000000e+00,0.000000000000000000e+00,1.673196562805712856e-02,-8.776064413430781450e-04,6.562551379798413353e-02,1.853043413146593377e-02
6.550000000000000266e-02,9.599693571219360955e-01,-3.790616498181240690e-01,1.319348805039797679e+00,7.266253414495630336e-01,2.540758789978731294e-02,-2.418536588226212133e-02,3.000953116563712803e-02,1.796286069985182708e-04,0.000000000000000000e+00,0.000000000000000000e+00,0.000000000000000000e+00,0.000000000000000000e+00,0.000000000000000000e+00,0.000000000000000000e+00,0.000000000000000000e+00,0.000000000000000000e+00,2.540758789978731294e-02,-2.418536588226212133e-02,3.000953116563712803e-02,1.796286069985182708e-04
6.600000000000000311e-02,9.875197108668730683e-01,-6.113265257368377670e-01,4.269283378949731422e-01,-3.779598552473616424e-01,3.541725903384650154e-02,-4.979622200902645429e-02,-1.672752565273847788e-02,-1.857712395919757301e-02,0.000000000000000000e+00,0.000000000000000000e+00,0.000000000000000000e+00,0.000000000000000000e+00,0.000000000000000000e+00,0.000000000000000000e+00,0.000000000000000000e+00,0.000000000000000000e+00,3.541725903384650154e-02,-4.979622200902645429e-02,-1.672752565273847788e-02,-1.857712395919757301e-02
6.650000000000000355e-02,7.611943479169541726e-01,-9.688071693619867419e-01,-6.283938323324566033e-01,-1.244565242275217587e+00,4.055622342107374073e-02,-6.459646791038674285e-02,-4.733480406464350698e-02,-1.844028943607630561e-02,0.000000000000000000e+00,0.000000000000000000e+00,0.000000000000000000e+00,0.000000000000000000e+00,0.000000000000000000e+00,0.000000000000000000e+00,0.000000000000000000e+00,0.000000000000000000e+00,4.055622342107374073e-02,-6.459646791038674285e-02,-4.733480406464350698e-02,-1.844028943607630561e-02
6.700000000000000400e-02,6.761283109930420476e-01,-1.358104459909152295e+00,-1.191917669615455866e+00,-9.534691050706132209e-01,3.704845028325694928e-02,-5.798540024536645576e-02,-5.216997616483674827e-02,1.583173737794632899e-03,0.000000000000000000e+00,0.000000000000000000e+00,0.000000000000000000e+00,0.000000000000000000e+00,0.000000000000000000e+00,0.000000000000000000e+00,0.000000000000000000e+00,0.000000000000000000e+00,3.704845028325694928e-02,-5.798540024536645576e-02,-5.216997616483674827e-02,1.583173737794632899e-03
6.750000000000000444e-02,7.618357173357374057e-01,-1.478467776345276485e+00,-1.168545148018839352e+00,4.200652451486469041e-01,3.054497145207907619e-02,-2.595046906330347042e-02,-3.656844144733951280e-02,2.138377031905903947e-02,0.000000000000000000e+00,0.000000000000000000e+00,0.000000000000000000e+00,0.000000000000000000e+00,0.000000000000000000e+00,0.000000000000000000e+00,0.000000000000000000e+00,0.000000000000000000e+00,3.054497145207907619e-02,-2.595046906330347042e-02,-3.656844144733951280e-02,2.138377031905903947e-02
6.800000000000000488e-02,6.439824756652137161e-01,-1.067245415456322455e+00,-9.283504085055126476e-01,1.886219002653600096e+00,1.911071367866693654e-02,1.957005345775077870e-02,-1.835687333443799044e-02,2.032767662639820352e-02,0.000000000000000000e+00,0.000000000000000000e+00,0.000000000000000000e+00,0.000000000000000000e+00,0.000000000000000000e+00,0.000000000000000000e+00,0.000000000000000000e+00,0.000000000000000000e+00,1.911071367866693654e-02,1.957005345775077870e-02,-1.835687333443799044e-02,2.032767662639820352e-02
6.850000000000000533e-02,3.718719307022300916e-03,-1.815198676601991468e-01,-7.982403338470743792e-01,2.407549909013114497e+00,2.949946492864789511e-03,6.326948040546911955e-02,-1.408335659162998632e-02,-4.124442695425474016e-03,0.000000000000000000e+00,0.000000000000000000e+00,0.000000000000000000e+00,0.000000000000000000e+00,0.000000000000000000e+00,0.000000000000000000e+00,0.000000000000000000e+00,0.000000000000000000e+00,2.949946492864789511e-03,6.326948040546911955e-02,-1.408335659162998632e-02,-4.124442695425474016e-03
6.900000000000000577e-02,-9.471351894979297414e-01,7.640039237219783397e-01,-7.201798470336626679e-01,1.758261034646221077e+00,-1.510782307841980997e-02,8.668914489311170535e-02,-1.717867497626785964e-02,-3.987291886073423414e-02,0.000000000000000000e+00,0.000000000000000000e+00,0.000000000000000000e+00,0.000000000000000000e+00,0.000000000000000000e+00,0.000000000000000000e+00,0.000000000000000000e+00,0.000000000000000000e+00,-1.510782307841980997e-02,8.668914489311170535e-02,-1.717867497626785964e-02,-3.987291886073423414e-02
6.950000000000000622e-02,-1.555793551817585829e+00,1.270744841412604575e+00,-4.151291837663216300e-01,6.354408676239164944e-01,-3.511719187461505298e-02,8.110959786987097242e-02,-1.811319977865956735e-02,-5.838930530721249401e-02,0.000000000000000000e+00,0.000000000000000000e+00,0.000000000000000000e+00,0.000000000000000000e+00,0.000000000000000000e+00,0.000000000000000000e+00,0.000000000000000000e+00,0.000000000000000000e+00,-3.511719187461505298e-02,8.110959786987097242e-02,-1.811319977865956735e-02,-5.838930530721249401e-02
7.000000000000000666e-02,-1.329055044327900559e+00,1.149913970358128035e+00,2.263146653730634672e-01,1.293520547865595165e-03,-3.737723731646262759e-02,4.868087846640491156e-02,8.980999349166556706e-04,-4.096758272996242622e-02,0.000000000000000000e+00,0.000000000000000000e+00,0.000000000000000000e+00,0.000000000000000000e+00,0.000000000000000000e+00,0.000000000000000000e+00,0.000000000000000000e+00,0.000000000000000000e+00,-3.737723731646262759e-02,4.868087846640491156e-02,8.980999349166556706e-04,-4.096758272996242622e-02
7.049999999999999323e-02,-4.515795791420040284e-01,6.663827866038571912e-01,9.652176216060240899e-01,2.631729857988968635e-01,-2.405957311684206804e-02,4.892320172022004629e-03,2.409170299931405468e-02,-4.212725849256217930e-03,0.000000000000000000e+00,0.000000000000000000e+00,0.000000000000000000e+00,0.000000000000000000e+00,0.000000000000000000e+00,0.000000000000000000e+00,0.000000000000000000e+00,0.000000000000000000e+00,-2.405957311684206804e-02,4.892320172022004629e-03,2.409170299931405468e-02,-4.212725849256217930e-03
7.099999999999999367e-02,3.184640787362203462e-01,2.755593676004796655e-01,1.444548485779369340e+00,1.013129969810188102e+00,1.171204561480197748e-03,-2.312424975677400754e-02,4.025657047406599326e-02,2.163020806644376515e-02,0.000000000000000000e+00,0.000000000000000000e+00,0.000000000000000000e+00,0.000000000000000000e+00,0.000000000000000000e+00,0.000000000000000000e+00,0.000000000000000000e+00,0.000000000000000000e+00,1.171204561480197748e-03,-2.312424975677400754e-02,4.025657047406599326e-02,2.163020806644376515e-02
7.149999999999999412e-02,3.077192536003116596e-01,2.051947638935332496e-01,1.536673544962657845e+00,1.453498142447306574e+00,2.686823387122539569e-02,-2.933312242579287285e-02,3.400091390946689135e-02,1.925904092236329496e-02,0.000000000000000000e+00,0.000000000000000000e+00,0.000000000000000000e+00,0.000000000000000000e+00,0.000000000000000000e+00,0.000000000000000000e+00,0.000000000000000000e+00,0.000000000000000000e+00,2.686823387122539569e-02,-2.933312242579287285e-02,3.400091390946689135e-02,1.925904092236329496e-02
7.199999999999999456e-02,-4.856292137533394504e-01,2.602828912154870333e-01,1.421560995620558598e+00,1.084312714653957954e+00,3.627077572172342224e-02,-2.340171150836539010e-02,5.401313967980464481e-03,-7.422002170376230078e-03,0.000000000000000000e+00,0.000000000000000000e+00,0.000000000000000000e+00,0.000000000000000000e+00,0.000000000000000000e+00,0.000000000000000000e+00,0.000000000000000000e+00,0.000000000000000000e+00,3.627077572172342224e-02,-2.340171150836539010e-02,5.401313967980464481e-03,-7.422002170376230078e-03
7.249999999999999500e-02,-1.433447134349716379e+00,4.321880320260402392e-02,1.333073631304780404e+00,3.633115867558681100e-02,3.560461649004125623e-02,-2.287171635617512438e-02,-2.216207649590182238e-02,-2.709910810647317772e-02,0.000000000000000000e+00,0.000000000000000000e+00,0.000000000000000000e+00,0.000000000000000000e+00,0.000000000000000000e+00,0.000000000000000000e+00,0.000000000000000000e+00,0.000000000000000000e+00,3.560461649004125623e-02,-2.287171635617512438e-02,-2.216207649590182238e-02,-2.709910810647317772e-02
7.299999999999999545e-02,-1.861130146978893229e+00,-6.145701245346277819e-01,1.288230270156761392e+00,-1.114539160000999507e+00,3.420674179849707286e-02,-3.305842870310603254e-02,-3.498603621293092103e-02,-2.049432256751348297e-02,0.000000000000000000e+00,0.000000000000000000e+00,0.000000000000000000e+00,0.000000000000000000e+00,0.000000000000000000e+00,0.000000000000000000e+00,0.000000000000000000e+00,0.000000000000000000e+00,3.420674179849707286e-02,-3.305842870310603254e-02,-3.498603621293092103e-02,-2.049432256751348297e-02
7.349999999999999589e-02,-1.573966099320760481e+00,-1.435733432122646924e+00,1.080437566608422051e+00,-1.815906189509526980e+00,2.826859741955319721e-02,-4.981068547524917373e-02,-3.822956466253430580e-02,1.468887402412016353e-02,0.000000000000000000e+00,0.000000000000000000e+00,0.000000000000000000e+00,0.000000000000000000e+00,0.000000000000000000e+00,0.000000000000000000e+00,0.000000000000000000e+00,0.000000000000000000e+00,2.826859741955319721e-02,-4.981068547524917373e-02,-3.822956466253430580e-02,1.468887402412016353e-02
7.399999999999999634e-02,-8.764300467595426136e-01,-1.898688379465356180e+00,5.374198191538779312e-01,-1.859896059121718848e+00,1.667163027672087516e-02,-4.837599343247884348e-02,-4.094548917627861134e-02,5.699346185686278432e-02,0.000000000000000000e+00,0.000000000000000000e+00,0.000000000000000000e+00,0.000000000000000000e+00,0.000000000000000000e+00,0.000000000000000000e+00,0.000000000000000000e+00,0.000000000000000000e+00,1.667163027672087516e-02,-4.837599343247884348e-02,-4.094548917627861134e-02,5.699346185686278432e-02
7.449999999999999678e-02,-1.873331141554676060e-01,-1.684141049390444289e+00,-2.767412671915362443e-01,-1.365547290099914601e+00,-3.958801794128244574e-03,-2.348502429629138744e-02,-4.359647121642740847e-02,7.484708397204548058e-02,0.000000000000000000e+00,0.000000000000000000e+00,0.000000000000000000e+00,0.000000000000000000e+00,0.000000000000000000e+00,0.000000000000000000e+00,0.000000000000000000e+00,0.000000000000000000e+00,-3.958801794128244574e-03,-2.348502429629138744e-02,-4.359647121642740847e-02,7.484708397204548058e-02
7.499999999999999722e-02,2.734318671303012094e-01,-9.238237608637774878e-01,-1.094768729761948833e+00,-5.855435115953209202e-01,-3.451745802596210139e-02,1.546131314462711667e-02,-3.893342561198997326e-02,5.870954582221357687e-02,0.000000000000000000e+00,0.000000000000000000e+00,0.000000000000000000e+00,0.000000000000000000e+00,0.000000000000000000e+00,0.000000000000000000e+00,0.000000000000000000e+00,0.000000000000000000e+00,-3.451745802596210139e-02,1.546131314462711667e-02,-3.893342561198997326e-02,5.870954582221357687e-02
7.549999999999999767e-02,4.694780641623322315e-01,-5.608838681467741977e-02,-1.660905142051271266e+00,2.360295978814222484e-01,-5.033442738771081587e-02,4.606693676895982220e-02,-1.628484856092526217e-02,2.237137784927078696e-02,0.000000000000000000e+00,0.000000000000000000e+00,0.000000000000000000e+00,0.000000000000000000e+00,0.000000000000000000e+00,0.000000000000000000e+00,0.000000000000000000e+00,0.000000000000000000e+00,-5.033442738771081587e-02,4.606693676895982220e-02,-1.628484856092526217e-02,2.237137784927078696e-02
7.599999999999999811e-02,3.798829411951568091e-01,5.380419772155851099e-01,-1.856485644188085482e+00,8.688576368844098674e-01,-4.787351589185848133e-02,5.362755333410859637e-02,1.934966657833285184e-02,-4.327885513934248522e-03,0.000000000000000000e+00,0.000000000000000000e+00,0.000000000000000000e+00,0.000000000000000000e+00,0.000000000000000000e+00,0.000000000000000000e+00,0.000000000000000000e+00,0.000000000000000000e+00,-4.787351589185848133e-02,5.362755333410859637e-02,1.934966657833285184e-02,-4.327885513934248522e-03
7.649999999999999856e-02,-7.246248563772597455e-03,7.857293293238283294e-01,-1.671912195896246178e+00,1.087799514098944043e+00,-2.035306837403237645e-02,3.695546154580992004e-02,5.336882939526587516e-02,3.382147740327186552e-04,0.000000000000000000e+00,0.000000000000000000e+00,0.000000000000000000e+00,0.000000000000000000e+00,0.000000000000000000e+00,0.000000000000000000e+00,0.000000000000000000e+00,0.000000000000000000e+00,-2.035306837403237645e-02,3.695546154580992004e-02,5.336882939526587516e-02,3.382147740327186552e-04
7.699999999999999900e-02,-5.128970196046076513e-01,8.463328799766146604e-01,-1.147140618738935913e+00,7.808167727969351768e-01,5.344293711359689864e-03,1.454682083523570896e-02,6.635729487431647755e-02,2.342622813910619564e-02,0.000000000000000000e+00,0.000000000000000000e+00,0.000000000000000000e+00,0.000000000000000000e+00,0.000000000000000000e+00,0.000000000000000000e+00,0.000000000000000000e+00,0.000000000000000000e+00,5.344293711359689864e-03,1.454682083523570896e-02,6.635729487431647755e-02,2.342622813910619564e-02
7.749999999999999944e-02,-7.145913884572436814e-01,8.610396466450201958e-01,-3.962412928160676251e-01,9.256704758697409385e-02,1.219559623593279886e-02,9.258411600449987719e-03,6.191078200066944121e-02,4.749675550061547430e-02,0.000000000000000000e+00,0.000000000000000000e+00,0.000000000000000000e+00,0.000000000000000000e+00,0.000000000000000000e+00,0.000000000000000000e+00,0.000000000000000000e+00,0.000000000000000000e+00,1.219559623593279886e-02,9.258411600449987719e-03,6.191078200066944121e-02,4.749675550061547430e-02
7.799999999999999989e-02,-2.311952497628083081e-01,8.142765536065103005e-01,3.092376432079465554e-01,-5.792572901447763378e-01,-2.182223678829229435e-03,1.502928631163804978e-02,5.347988514616276723e-02,4.854827469270840690e-02,0.000000000000000000e+00,0.000000000000000000e+00,0.000000000000000000e+00,0.000000000000000000e+00,0.000000000000000000e+00,0.000000000000000000e+00,0.000000000000000000e+00,0.000000000000000000e+00,-2.182223678829229435e-03,1.502928631163804978e-02,5.347988514616276723e-02,4.854827469270840690e-02
7.850000000000000033e-02,8.433588939070221224e-01,6.384124159852205826e-01,5.877605979967617245e-01,-8.411741183849024139e-01,-2.394193362107452719e-02,1.928084513780847775e-02,5.427042604078999993e-02,2.260384598600105599e-02,0.000000000000000000e+00,0.000000000000000000e+00,0.000000000000000000e+00,0.000000000000000000e+00,0.000000000000000000e+00,0.000000000000000000e+00,0.000000000000000000e+00,0.000000000000000000e+00,-2.394193362107452719e-02,1.928084513780847775e-02,5.427042604078999993e-02,2.260384598600105599e-02
7.900000000000000078e-02,1.846173161514594208e+00,3.999716806912037015e-01,2.179337411743375308e-01,-6.278012528145036075e-01,-4.362798355495029617e-02,4.005642051232809024e-03,5.755820932744213497e-02,-1.827905876535310462e-02,0.000000000000000000e+00,0.000000000000000000e+00,0.000000000000000000e+00,0.000000000000000000e+00,0.000000000000000000e+00,0.000000000000000000e+00,0.000000000000000000e+00,0.000000000000000000e+00,-4.362798355495029617e-02,4.005642051232809024e-03,5.755820932744213497e-02,-1.827905876535310462e-02
7.950000000000000122e-02,2.006472962693170548e+00,3.355372910136002473e-01,-5.996971727029483112e-01,-2.877391716596339188e-01,-4.388004930024066302e-02,-2.823724593852152548e-02,5.346483785226389257e-02,-5.142003348368145293e-02,0.000000000000000000e+00,0.000000000000000000e+00,0.000000000000000000e+00,0.000000000000000000e+00,0.000000000000000000e+00,0.000000000000000000e+00,0.000000000000000000e+00,0.000000000000000000e+00,-4.388004930024066302e-02,-2.823724593852152548e-02,5.346483785226389257e-02,-5.142003348368145293e-02
8.000000000000000167e-02,1.101493116977876774e+00,6.447360642996043945e-01,-1.267618899694301637e+00,-2.885072923463984362e-01,-3.199902850629308959e-02,-5.886115704601834614e-02,2.905749141971537830e-02,-6.668171686673113330e-02,0.000000000000000000e+00,0.000000000000000000e+00,0.000000000000000000e+00,0.000000000000000000e+00,0.000000000000000000e+00,0.000000000000000000e+00,0.000000000000000000e+00,0.000000000000000000e+00,-3.199902850629308959e-02,-5.886115704601834614e-02,2.905749141971537830e-02,-6.668171686673113330e-02
8.050000000000000211e-02,-2.937201065123136168e-01,1.232860189745458745e+00,-1.185235077392888803e+00,-7.748272640925336630e-01,-1.833089732998935406e-02,-7.079061318798877955e-02,-1.469445535553651379e-02,-6.191984496492700107e-02,0.000000000000000000e+00,0.000000000000000000e+00,0.000000000000000000e+00,0.000000000000000000e+00,0.000000000000000000e+00,0.000000000000000000e+00,0.000000000000000000e+00,0.000000000000000000e+00,-1.833089732998935406e-02,-7.079061318798877955e-02,-1.469445535553651379e-02,-6.191984496492700107e-02
8.100000000000000255e-02,-1.231970285565154866e+00,1.684394760714886807e+00,-2.310771902122174259e-01,-1.367592022407479790e+00,-9.839183349146655641e-03,-6.054452564383783209e-02,-6.023340893545221092e-02,-3.865449899302333264e-02,0.000000000000000000e+00,0.000000000000000000e+00,0.000000000000000000e+00,0.000000000000000000e+00,0.000000000000000000e+00,0.000000000000000000e+00,0.000000000000000000e+00,0.000000000000000000e+00,-9.839183349146655641e-03,-6.054452564383783209e-02,-6.023340893545221092e-02,-3.865449899302333264e-02
8.150000000000000300e-02,-1.133850757674752296e+00,1.532729335513888014e+00,1.102833952725672528e+00,-1.447410612072971947e+00,-2.695797541876722523e-03,-3.374095699252931818e-02,-9.194583188007628138e-02,-8.215953507782246604e-03,0.000000000000000000e+00,0.000000000000000000e+00,0.000000000000000000e+00,0.000000000000000000e+00,0.000000000000000000e+00,0.000000000000000000e+00,0.000000000000000000e+00,0.000000000000000000e+00,-2.695797541876722523e-03,-3.374095699252931818e-02,-9.194583188007628138e-02,-8.215953507782246604e-03
8.200000000000000344e-02,-2.110074646721193103e-01,6.357123854301204302e-01,2.062318103991887863e+00,-6.940479074579865015e-01,3.940629525583933110e-04,-1.201701020989123445e-02,-1.004391685927801120e-01,1.610805359739305581e-02,0.000000000000000000e+00,0.000000000000000000e+00,0.000000000000000000e+00,0.000000000000000000e+00,0.000000000000000000e+00,0.000000000000000000e+00,0.000000000000000000e+00,0.000000000000000000e+00,3.940629525583933110e-04,-1.201701020989123445e-02,-1.004391685927801120e-01,1.610805359739305581e-02
8.250000000000000389e-02,7.593783341562038158e-01,-6.682979828559749702e-01,2.191494729129971564e+00,5.763103878697092286e-01,-6.133446681159658923e-03,6.280338740109801463e-03,-8.384552257402515252e-02,3.124509883145732553e-02,0.000000000000000000e+00,0.000000000000000000e+00,0.000000000000000000e+00,0.000000000000000000e+00,0.000000000000000000e+00,0.000000000000000000e+00,0.000000000000000000e+00,0.000000000000000000e+00,-6.133446681159658923e-03,6.280338740109801463e-03,-8.384552257402515252e-02,3.124509883145732553e-02
8.300000000000000433e-02,1.067951381610690254e+00,-1.770801436807100560e+00,1.627786007257124190e+00,1.605641872592320940e+00,-1.739657917880587865e-02,2.001551173288604324e-02,-5.406394915332445733e-02,2.533552632305833413e-02,0.000000000000000000e+00,0.000000000000000000e+00,0.000000000000000000e+00,0.000000000000000000e+00,0.000000000000000000e+00,0.000000000000000000e+00,0.000000000000000000e+00,0.000000000000000000e+00,-1.739657917880587865e-02,2.001551173288604324e-02,-5.406394915332445733e-02,2.533552632305833413e-02
8.350000000000000477e-02,5.668638112874525570e-01,-2.208160310765620693e+00,8.965129240795282062e-01,1.785346562505557566e+00,-2.646458001296407223e-02,2.625619256929064352e-02,-1.788676606900356861e-02,7.142015146997268780e-04,0.000000000000000000e+00,0.000000000000000000e+00,0.000000000000000000e+00,0.000000000000000000e+00,0.000000000000000000e+00,0.000000000000000000e+00,0.000000000000000000e+00,0.000000000000000000e+00,-2.646458001296407223e-02,2.625619256929064352e-02,-1.788676606900356861e-02,7.142015146997268780e-04
8.400000000000000522e-02,-3.199314612963309323e-01,-1.936797069669813576e+00,4.227433050312793261e-01,1.122435165190476258e+00,-1.264492162044904104e-02,2.821188077212526471e-02,1.565134672987566686e-02,-2.244861523989187882e-02,0.000000000000000000e+00,0.000000000000000000e+00,0.000000000000000000e+00,0.000000000000000000e+00,0.000000000000000000e+00,0.000000000000000000e+00,0.000000000000000000e+00,0.000000000000000000e+00,-1.264492162044904104e-02,2.821188077212526471e-02,1.565134672987566686e-02,-2.244861523989187882e-02
8.450000000000000566e-02,-9.738946838704586328e-01,-1.263693821832110986e+00,2.141742043734837231e-01,1.933359770620231011e-01,1.711281574556588331e-02,2.559818658994871682e-02,2.954953212511585159e-02,-3.622823990924668031e-02,0.000000000000000000e+00,0.000000000000000000e+00,0.000000000000000000e+00,0.000000000000000000e+00,0.000000000000000000e+00,0.000000000000000000e+00,0.000000000000000000e+00,0.000000000000000000e+00,1.711281574556588331e-02,2.559818658994871682e-02,2.954953212511585159e-02,-3.622823990924668031e-02
8.500000000000000611e-02,-1.018859789790228065e+00,-5.208387217244215828e-01,-5.883732542471259777e-03,-3.796960287453028382e-01,5.117593354541090378e-02,1.543537349535498843e-02,2.136475068119774931e-02,-2.902328753968903829e-02,0.000000000000000000e+00,0.000000000000000000e+00,0.000000000000000000e+00,0.000000000000000000e+00,0.000000000000000000e+00,0.000000000000000000e+00,0.000000000000000000e+00,0.000000000000000000e+00,5.117593354541090378e-02,1.543537349535498843e-02,2.136475068119774931e-02,-2.902328753968903829e-02
8.550000000000000655e-02,-5.177908061359121072e-01,1.666729818247091877e-01,-4.295820545564213444e-01,-4.165850473448435842e-01,6.529625142412941174e-02,1.295662011209136426e-02,-9.872894238320361823e-03,-1.042116824299547766e-02,0.000000000000000000e+00,0.000000000000000000e+00,0.000000000000000000e+00,0.000000000000000000e+00,0.000000000000000000e+00,0.000000000000000000e+00,0.000000000000000000e+00,0.000000000000000000e+00,6.529625142412941174e-02,1.295662011209136426e-02,-9.872894238320361823e-03,-1.042116824299547766e-02
8.599999999999999312e-02,1.409050049474005473e-01,8.070945236994285787e-01,-9.264108318531764086e-01,-2.133381782836138163e-01,5.004957953118746583e-02,2.430710584742654112e-02,-3.961897821873737457e-02,2.754168095938808528e-03,0.000000000000000000e+00,0.000000000000000000e+00,0.000000000000000000e+00,0.000000000000000000e+00,0.000000000000000000e+00,0.000000000000000000e+00,0.000000000000000000e+00,0.000000000000000000e+00,5.004957953118746583e-02,2.430710584742654112e-02,-3.961897821873737457e-02,2.754168095938808528e-03
8.649999999999999356e-02,5.329873132217124443e-01,1.298467271755676666e+00,-1.178377330588126437e+00,-1.281481658137180180e-01,8.828740194485424145e-03,4.515518589635187513e-02,-3.848610397748918749e-02,-7.485788688607852327e-03,0.000000000000000000e+00,0.000000000000000000e+00,0.000000000000000000e+00,0.000000000000000000e+00,0.000000000000000000e+00,0.000000000000000000e+00,0.000000000000000000e+00,0.000000000000000000e+00,8.828740194485424145e-03,4.515518589635187513e-02,-3.848610397748918749e-02,-7.485788688607852327e-03
8.699999999999999400e-02,4.685095856245630186e-01,1.335480178885128488e+00,-1.009624038779489252e+00,-1.839748227413138815e-01,-2.935468037602136787e-02,6.300590543539583144e-02,-5.759167545552469451e-03,-3.014300724312815941e-02,0.000000000000000000e+00,0.000000000000000000e+00,0.000000000000000000e+00,0.000000000000000000e+00,0.000000000000000000e+00,0.000000000000000000e+00,0.000000000000000000e+00,0.000000000000000000e+00,-2.935468037602136787e-02,6.300590543539583144e-02,-5.759167545552469451e-03,-3.014300724312815941e-02
8.749999999999999445e-02,8.836282605464594597e-02,6.683182106923905019e-01,-5.760867389824263496e-01,-9.161823123339460362e-02,-4.140406678596555284e-02,5.614901706002901199e-02,4.686931918999574787e-02,-4.701298734595538154e-02,0.000000000000000000e+00,0.000000000000000000e+00,0.000000000000000000e+00,0.000000000000000000e+00,0.000000000000000000e+00,0.000000000000000000e+00,0.000000000000000000e+00,0.000000000000000000e+00,-4.140406678596555284e-02,5.614901706002901199e-02,4.686931918999574787e-02,-4.701298734595538154e-02
8.799999999999999489e-02,-2.648156533821452996e-01,-5.222502834434171737e-01,-2.328721358046277612e-01,3.542954015637967968e-01,-2.262630510577471818e-02,2.511113032736722595e-02,8.292373252890093693e-02,-3.527992985136069182e-02,0.000000000000000000e+00,0.000000000000000000e+00,0.000000000000000000e+00,0.000000000000000000e+00,0.000000000000000000e+00,0.000000000000000000e+00,0.000000000000000000e+00,0.000000000000000000e+00,-2.262630510577471818e-02,2.511113032736722595e-02,8.292373252890093693e-02,-3.527992985136069182e-02
8.849999999999999534e-02,-3.182502366013927331e-01,-1.576851151712249210e+00,-2.082864197829965014e-01,9.511916031749420020e-01,8.691873763028492086e-03,-2.123969619463794353e-02,8.745885931277352920e-02,3.466542238906040324e-03,0.000000000000000000e+00,0.000000000000000000e+00,0.000000000000000000e+00,0.000000000000000000e+00,0.000000000000000000e+00,0.000000000000000000e+00,0.000000000000000000e+00,0.000000000000000000e+00,8.691873763028492086e-03,-2.123969619463794353e-02,8.745885931277352920e-02,3.466542238906040324e-03
8.899999999999999578e-02,-7.316936629692334659e-02,-1.788188066106275453e+00,-4.166263307717790187e-01,1.221851149109264512e+00,3.282013136647939783e-02,-5.826895669641864173e-02,5.806422802328178867e-02,5.041764768817844078e-02,0.000000000000000000e+00,0.000000000000000000e+00,0.000000000000000000e+00,0.000000000000000000e+00,0.000000000000000000e+00,0.000000000000000000e+00,0.000000000000000000e+00,0.000000000000000000e+00,3.282013136647939783e-02,-5.826895669641864173e-02,5.806422802328178867e-02,5.041764768817844078e-02
8.949999999999999623e-02,2.099808483118017766e-01,-1.019077129022056383e+00,-5.671072365317525454e-01,8.799263048708466650e-01,3.479542372060405453e-02,-6.906223082414007786e-02,2.476737275183836171e-02,7.476437232243324238e-02,0.000000000000000000e+00,0.000000000000000000e+00,0.000000000000000000e+00,0.000000000000000000e+00,0.000000000000000000e+00,0.000000000000000000e+00,0.000000000000000000e+00,0.000000000000000000e+00,3.479542372060405453e-02,-6.906223082414007786e-02,2.476737275183836171e-02,7.476437232243324238e-02
8.999999999999999667e-02,2.712680364801215438e-01,8.476731103391950406e-02,-4.194309563578494382e-01,1.476561414962356544e-01,1.579842213975877693e-02,-5.788679205083038792e-02,3.420198913655172514e-03,6.445819937336295935e-02,0.000000000000000000e+00,0.000000000000000000e+00,0.000000000000000000e+00,0.000000000000000000e+00,0.000000000000000000e+00,0.000000000000000000e+00,0.000000000000000000e+00,0.000000000000000000e+00,1.579842213975877693e-02,-5.788679205083038792e-02,3.420198913655172514e-03,6.445819937336295935e-02
9.049999999999999711e-02,1.083067591407446822e-01,5.842001506155101165e-01,2.569214549966178374e-02,-4.154297287678320738e-01,-1.095740026762831269e-02,-3.100315280625379546e-02,1.366790311980353332e-03,3.019423810078290804e-02,0.000000000000000000e+00,0.000000000000000000e+00,0.000000000000000000e+00,0.000000000000000000e+00,0.000000000000000000e+00,0.000000000000000000e+00,0.000000000000000000e+00,0.000000000000000000e+00,-1.095740026762831269e-02,-3.100315280625379546e-02,1.366790311980353332e-03,3.019423810078290804e-02
9.099999999999999756e-02,-1.209188473504253271e-02,3.222680762644645341e-02,5.593119006608338051e-01,-4.250790650889418876e-01,-2.689327473725162607e-02,-6.157555342125343133e-03,2.926404668028479827e-03,-6.118153777941162316e-03,0.000000000000000000e+00,0.000000000000000000e+00,0.000000000000000000e+00,0.000000000000000000e+00,0.000000000000000000e+00,0.000000000000000000e+00,0.000000000000000000e+00,0.000000000000000000e+00,-2.689327473725162607e-02,-6.157555342125343133e-03,2.926404668028479827e-03,-6.118153777941162316e-03
9.149999999999999800e-02,1.911687580408157616e-01,-1.113307386024521284e+00,9.039235968823791101e-01,-9.486463951054253246e-03,-2.254979888713488576e-02,9.085171149942181459e-03,-6.081182693246934765e-03,-2.305189897588495740e-02,0.000000000000000000e+00,0.000000000000000000e+00,0.000000000000000000e+00,0.000000000000000000e+00,0.000000000000000000e+00,0.000000000000000000e+00,0.000000000000000000e+00,0.000000000000000000e+00,-2.254979888713488576e-02,9.085171149942181459e-03,-6.081182693246934765e-03,-2.305189897588495740e-02
9.199999999999999845e-02,7.138835031008299303e-01,-1.861405349503367335e+00,8.742815148078205700e-01,3.464119975244016048e-01,-9.743899219263132266e-03,2.430191214654818868e-02,-2.784884275402107340e-02,-2.247440812762382945e-02,0.000000000000000000e+00,0.000000000000000000e+00,0.000000000000000000e+00,0.000000000000000000e+00,0.000000000000000000e+00,0.000000000000000000e+00,0.000000000000000000e+00,0.000000000000000000e+00,-9.743899219263132266e-03,2.430191214654818868e-02,-2.784884275402107340e-02,-2.247440812762382945e-02
9.249999999999999889e-02,1.218438840042800120e+00,-1.537107343477285282e+00,4.764719475028302842e-01,2.869693370983572023e-01,5.747155400043626149e-03,3.518071411712266061e-02,-4.250035553100976055e-02,-1.702274748435270504e-02,0.000000000000000000e+00,0.000000000000000000e+00,0.000000000000000000e+00,0.000000000000000000e+00,0.000000000000000000e+00,0.000000000000000000e+00,0.000000000000000000e+00,0.000000000000000000e+00,5.747155400043626149e-03,3.518071411712266061e-02,-4.250035553100976055e-02,-1.702274748435270504e-02
9.299999999999999933e-02,1.319032835619061483e+00,-3.512513044466241685e-01,-6.206298979981787756e-02,-1.137000633837993990e-01,1.342446946481527792e-02,3.451203061523437643e-02,-4.309428123885988143e-02,-1.044251606122380271e-02,0.000000000000000000e+00,0.000000000000000000e+00,0.000000000000000000e+00,0.000000000000000000e+00,0.000000000000000000e+00,0.000000000000000000e+00,0.000000000000000000e+00,0.000000000000000000e+00,1.342446946481527792e-02,3.451203061523437643e-02,-4.309428123885988143e-02,-1.044251606122380271e-02
9.349999999999999978e-02,9.360687540352584657e-01,8.171457285706060780e-01,-3.788817408528364350e-01,-5.156719166788490405e-01,6.230376132820363358e-03,1.943233164170402039e-02,-2.519146485799724292e-02,9.214439938732023588e-04,0.000000000000000000e+00,0.000000000000000000e+00,0.000000000000000000e+00,0.000000000000000000e+00,0.000000000000000000e+00,0.000000000000000000e+00,0.000000000000000000e+00,0.000000000000000000e+00,6.230376132820363358e-03,1.943233164170402039e-02,-2.519146485799724292e-02,9.214439938732023588e-04
9.400000000000000022e-02,3.797674037456124085e-01,1.206831609525777615e+00,-1.923951018289662140e-01,-7.027224094422035439e-01,-4.698283252157495551e-03,-1.531195708015412570e-02,-6.893526194976034964e-03,1.440583023991966194e-02,0.000000000000000000e+00,0.000000000000000000e+00,0.000000000000000000e+00,0.000000000000000000e+00,0.000000000000000000e+00,0.000000000000000000e+00,0.000000000000000000e+00,0.000000000000000000e+00,-4.698283252157495551e-03,-1.531195708015412570e-02,-6.893526194976034964e-03,1.440583023991966194e-02
9.450000000000000067e-02,5.572286896465441369e-02,8.096687968586009365e-01,4.464186326545033223e-01,-7.771721857416612478e-01,-7.804171797256159900e-03,-5.082092725675840805e-02,-5.200787147981731154e-03,3.145028447828340790e-02,0.000000000000000000e+00,0.000000000000000000e+00,0.000000000000000000e+00,0.000000000000000000e+00,0.000000000000000000e+00,0.000000000000000000e+00,0.000000000000000000e+00,0.000000000000000000e+00,-7.804171797256159900e-03,-5.082092725675840805e-02,-5.200787147981731154e-03,3.145028447828340790e-02
9.500000000000000111e-02,6.773027232907559425e-02,2.964057827870359429e-01,1.096191180179555635e+00,-9.446774304405375355e-01,-4.318639533426866031e-03,-6.478756881722944061e-02,-1.556579994255887639e-02,3.820346008404887361e-02,0.000000000000000000e+00,0.000000000000000000e+00,0.000000000000000000e+00,0.000000000000000000e+00,0.000000000000000000e+00,0.000000000000000000e+00,0.000000000000000000e+00,0.000000000000000000e+00,-4.318639533426866031e-03,-6.478756881722944061e-02,-1.556579994255887639e-02,3.820346008404887361e-02
9.550000000000000155e-02,8.081125482940221261e-02,3.344970559647995056e-01,1.182572609755157655e+00,-1.176469093209708383e+00,3.421034312740656169e-03,-4.574685195742893978e-02,-2.530768687488251997e-02,2.554078447483058151e-02,0.000000000000000000e+00,0.000000000000000000e+00,0.000000000000000000e+00,0.000000000000000000e+00,0.000000000000000000e+00,0.000000000000000000e+00,0.000000000000000000e+00,0.000000000000000000e+00,3.421034312740656169e-03,-4.574685195742893978e-02,-2.530768687488251997e-02,2.554078447483058151e-02
9.600000000000000200e-02,-3.576286393904514749e-01,9.759124335783831983e-01,4.653582915446252688e-01,-1.142553430407599935e+00,4.753587394994466912e-03,-9.966900406175803820e-03,-2.811658035613649395e-02,1.183287006291681466e-03,0.000000000000000000e+00,0.000000000000000000e+00,0.000000000000000000e+00,0.000000000000000000e+00,0.000000000000000000e+00,0.000000000000000000e+00,0.000000000000000000e+00,0.000000000000000000e+00,4.753587394994466912e-03,-9.966900406175803820e-03,-2.811658035613649395e-02,1.183287006291681466e-03
9.650000000000000244e-02,-1.341169364181973744e+00,1.620564377859593508e+00,-6.989583993038877008e-01,-5.576287760068817656e-01,-2.945159477861735136e-03,1.331116019254246705e-02,-9.447054365236868395e-03,-1.974540845984751672e-02,0.000000000000000000e+00,0.000000000000000000e+00,0.000000000000000000e+00,0.000000000000000000e+00,0.000000000000000000e+00,0.000000000000000000e+00,0.000000000000000000e+00,0.000000000000000000e+00,-2.945159477861735136e-03,1.331116019254246705e-02,-9.447054365236868395e-03,-1.974540845984751672e-02
9.700000000000000289e-02,-2.403535867721296349e+00,1.572189455430451632e+00,-1.569319949374596845e+00,4.353382474338274855e-01,-6.432995206044143065e-03,7.142962482462314987e-03,1.822809967198344566e-02,-2.343764093738077633e-02,0.000000000000000000e+00,0.000000000000000000e+00,0.000000000000000000e+00,0.000000000000000000e+00,0.000000000000000000e+00,0.000000000000000000e+00,0.000000000000000000e+00,0.000000000000000000e+00,-6.432995206044143065e-03,7.142962482462314987e-03,1.822809967198344566e-02,-2.343764093738077633e-02
9.750000000000000333e-02,-2.818012656305990848e+00,6.477104022759806456e-01,-1.593994247586351776e+00,1.256408015617082929e+00,-1.948618086770520508e-03,-2.896240791009259755e-02,3.869572534005663589e-02,-7.456961090210751861e-03,0.000000000000000000e+00,0.000000000000000000e+00,0.000000000000000000e+00,0.000000000000000000e+00,0.000000000000000000e+00,0.000000000000000000e+00,0.000000000000000000e+00,0.000000000000000000e+00,-1.948618086770520508e-03,-2.896240791009259755e-02,3.869572534005663589e-02,-7.456961090210751861e-03
9.800000000000000377e-02,-2.168864517836694539e+00,-6.487700589463577527e-01,-8.269851944663660914e-01,1.360243378648713808e+00,1.899455421432640068e-02,-5.716206836428729815e-02,3.693304119846736733e-02,6.369501349878137382e-03,0.000000000000000000e+00,0.000000000000000000e+00,0.000000000000000000e+00,0.000000000000000000e+00,0.000000000000000000e+00,0.000000000000000000e+00,0.000000000000000000e+00,0.000000000000000000e+00,1.899455421432640068e-02,-5.716206836428729815e-02,3.693304119846736733e-02,6.369501349878137382e-03
9.850000000000000422e-02,-7.152440459571122178e-01,-1.520832661236138028e+00,1.587707420067394348e-01,7.480825295889914628e-01,3.812872929890877977e-02,-5.237751606471225535e-02,1.678563063890521623e-02,9.823068102153055883e-03,0.000000000000000000e+00,0.000000000000000000e+00,0.000000000000000000e+00,0.000000000000000000e+00,0.000000000000000000e+00,0.000000000000000000e+00,0.000000000000000000e+00,0.000000000000000000e+00,3.812872929890877977e-02,-5.237751606471225535e-02,1.678563063890521623e-02,9.823068102153055883e-03
9.900000000000000466e-02,7.741337702097553786e-01,-1.459412348916385493e+00,7.522373593127095193e-01,4.191055747857948266e-03,4.413772515704357524e-02,-1.803521537113773540e-02,-9.940862056577726841e-03,-1.179872889732998210e-03,0.000000000000000000e+00,0.000000000000000000e+00,0.000000000000000000e+00,0.000000000000000000e+00,0.000000000000000000e+00,0.000000000000000000e+00,0.000000000000000000e+00,0.000000000000000000e+00,4.413772515704357524e-02,-1.803521537113773540e-02,-9.940862056577726841e-03,-1.179872889732998210e-03
9.950000000000000511e-02,1.583884928990491714e+00,-5.828194183809251028e-01,7.412872746625659426e-01,-2.242462488296946277e-01,3.486986578654553692e-02,2.548618498544029040e-02,-1.970045834289390826e-02,-1.181026257668227331e-02,0.000000000000000000e+00,0.000000000000000000e+00,0.000000000000000000e+00,0.000000000000000000e+00,0.000000000000000000e+00,0.000000000000000000e+00,0.000000000000000000e+00,0.000000000000000000e+00,3.486986578654553692e-02,2.548618498544029040e-02,-1.970045834289390826e-02,-1.181026257668227331e-02
1.000000000000000056e-01,1.545379272450105201e+00,4.787181319934184498e-01,3.198821100394095840e-01,1.573841044786488119e-01,1.797532511316917575e-02,4.672369922546508458e-02,-5.866529367663463577e-03,-1.744831909382280402e-02,0.000000000000000000e+00,0.000000000000000000e+00,0.000000000000000000e+00,0.000000000000000000e+00,0.000000000000000000e+00,0.000000000000000000e+00,0.000000000000000000e+00,0.000000000000000000e+00,1.797532511316917575e-02,4.672369922546508458e-02,-5.866529367663463577e-03,-1.744831909382280402e-02
1.005000000000000060e-01,1.056188079223546072e+00,1.028118727868466253e+00,-2.084582468688917778e-01,5.720018843597787228e-01,5.167404992946899624e-03,4.002307970117324060e-02,2.233822013571632945e-02,-2.141707054010655309e-02,0.000000000000000000e+00,0.000000000000000000e+00,0.000000000000000000e+00,0.000000000000000000e+00,0.000000000000000000e+00,0.000000000000000000e+00,0.000000000000000000e+00,0.000000000000000000e+00,5.167404992946899624e-03,4.002307970117324060e-02,2.233822013571632945e-02,-2.141707054010655309e-02
1.010000000000000064e-01,6.826889309577608422e-01,7.594387257014182380e-01,-6.569786684582740177e-01,3.115776733860236014e-01,2.771401701162536178e-03,2.204307595428156574e-02,4.869102021150002735e-02,-2.633334107253942902e-02,0.000000000000000000e+00,0.000000000000000000e+00,0.000000000000000000e+00,0.000000000000000000e+00,0.000000000000000000e+00,0.000000000000000000e+00,0.000000000000000000e+00,0.000000000000000000e+00,2.771401701162536178e-03,2.204307595428156574e-02,4.869102021150002735e-02,-2.633334107253942902e-02
1.015000000000000069e-01,6.829825765128652026e-01,-7.940548335454093720e-02,-9.220636541391749041e-01,-7.408372626693684460e-01,4.130168561541164296e-03,2.024396156215752668e-02,5.273576924935470533e-02,-3.445999088173338359e-02,0.000000000000000000e+00,0.000000000000000000e+00,0.000000000000000000e+00,0.000000000000000000e+00,0.000000000000000000e+00,0.000000000000000000e+00,0.000000000000000000e+00,0.000000000000000000e+00,4.130168561541164296e-03,2.024396156215752668e-02,5.273576924935470533e-02,-3.445999088173338359e-02
1.019999999999999934e-01,8.507805060187033641e-01,-8.920874094529746001e-01,-8.546284076992822776e-01,-1.885515896181405138e+00,-1.415166454069854626e-02,3.616300065317079593e-02,2.630045739278925182e-02,-3.534265442623232834e-02,0.000000000000000000e+00,0.000000000000000000e+00,0.000000000000000000e+00,0.000000000000000000e+00,0.000000000000000000e+00,0.000000000000000000e+00,0.000000000000000000e+00,0.000000000000000000e+00,-1.415166454069854626e-02,3.616300065317079593e-02,2.630045739278925182e-02,-3.534265442623232834e-02
1.024999999999999939e-01,7.507572267696409618e-01,-1.177604465334492367e+00,-3.195538902593642039e-01,-2.151324018863337351e+00,-4.458278612802171748e-02,5.731427161731449810e-02,-1.296369934757939449e-02,-1.852794709481258434e-02,0.000000000000000000e+00,0.000000000000000000e+00,0.000000000000000000e+00,0.000000000000000000e+00,0.000000000000000000e+00,0.000000000000000000e+00,0.000000000000000000e+00,0.000000000000000000e+00,-4.458278612802171748e-02,5.731427161731449810e-02,-1.296369934757939449e-02,-1.852794709481258434e-02
1.029999999999999943e-01,1.139589551621437297e-01,-8.791023305692607925e-01,5.548960368325875914e-01,-1.154201826403296938e+00,-7.833199521431065404e-02,5.344495427511158220e-02,-4.480071721782499794e-02,1.531534528412926630e-02,0.000000000000000000e+00,0.000000000000000000e+00,0.000000000000000000e+00,0.000000000000000000e+00,0.000000000000000000e+00,0.000000000000000000e+00,0.000000000000000000e+00,0.000000000000000000e+00,-7.833199521431065404e-02,5.344495427511158220e-02,-4.480071721782499794e-02,1.531534528412926630e-02
1.034999999999999948e-01,-9.327875126679168183e-01,-3.638851920760851621e-01,1.294082401543763972e+00,4.945829363116717725e-01,-9.226035792350718856e-02,2.002157629445406109e-02,-5.421096238365429726e-02,4.427640143904076897e-02,0.000000000000000000e+00,0.000000000000000000e+00,0.000000000000000000e+00,0.000000000000000000e+00,0.000000000000000000e+00,0.000000000000000000e+00,0.000000000000000000e+00,0.000000000000000000e+00,-9.226035792350718856e-02,2.002157629445406109e-02,-5.421096238365429726e-02,4.427640143904076897e-02
1.039999999999999952e-01,-1.927265443931290179e+00,-5.600251974943110111e-02,1.388979086806787500e+00,1.624980316492614429e+00,-7.047867846637639877e-02,-3.214353147616701850e-02,-3.760609597540841981e-02,4.849784143801685876e-02,0.000000000000000000e+00,0.000000000000000000e+00,0.000000000000000000e+00,0.000000000000000000e+00,0.000000000000000000e+00,0.000000000000000000e+00,0.000000000000000000e+00,0.000000000000000000e+00,-7.047867846637639877e-02,-3.214353147616701850e-02,-3.760609597540841981e-02,4.849784143801685876e-02
1.044999999999999957e-01,-2.320919802465994941e+00,-2.732097087053697235e-02,7.880968698506978232e-01,1.451859185387227802e+00,-2.492759587692729151e-02,-6.991609438329696169e-02,-1.092632288591801129e-02,2.197036988303988428e-02,0.000000000000000000e+00,0.000000000000000000e+00,0.000000000000000000e+00,0.000000000000000000e+00,0.000000000000000000e+00,0.000000000000000000e+00,0.000000000000000000e+00,0.000000000000000000e+00,-2.492759587692729151e-02,-6.991609438329696169e-02,-1.092632288591801129e-02,2.197036988303988428e-02
1.049999999999999961e-01,-1.783156347942487896e+00,5.000885474574207068e-02,4.788610957947170288e-02,2.116823815241993256e-01,1.836167111125742643e-02,-7.226406951107361420e-02,1.032021300737044579e-03,-7.978758955101566269e-03,0.000000000000000000e+00,0.000000000000000000e+00,0.000000000000000000e+00,0.000000000000000000e+00,0.000000000000000000e+00,0.000000000000000000e+00,0.000000000000000000e+00,0.000000000000000000e+00,1.836167111125742643e-02,-7.226406951107361420e-02,1.032021300737044579e-03,-7.978758955101566269e-03
1.054999999999999966e-01,-3.942085104287456065e-01,5.303195796324214895e-01,-1.005164597322599218e-01,-1.044964667486370846e+00,4.028281075030591685e-02,-4.098038737186728009e-02,3.830982218283644769e-03,-2.292129895051899999e-02,0.000000000000000000e+00,0.000000000000000000e+00,0.000000000000000000e+00,0.000000000000000000e+00,0.000000000000000000e+00,0.000000000000000000e+00,0.000000000000000000e+00,0.000000000000000000e+00,4.028281075030591685e-02,-4.098038737186728009e-02,3.830982218283644769e-03,-2.292129895051899999e-02
1.059999999999999970e-01,1.349706013596850163e+00,1.346109831644841215e+00,5.773362110418235327e-01,-1.333537312782371531e+00,4.160476725070143961e-02,6.455620304189163029e-03,-3.602665149325141782e-03,-9.752438154232417195e-03,0.000000000000000000e+00,0.000000000000000000e+00,0.000000000000000000e+00,0.000000000000000000e+00,0.000000000000000000e+00,0.000000000000000000e+00,0.000000000000000000e+00,0.000000000000000000e+00,4.160476725070143961e-02,6.455620304189163029e-03,-3.602665149325141782e-03,-9.752438154232417195e-03
1.064999999999999974e-01,2.723617230785450705e+00,1.950126627627912335e+00,1.552123116909415623e+00,-5.130833320414560639e-01,3.139981089328021391e-02,3.732655917210592200e-02,-1.190021932683510246e-02,1.308076345247327806e-02,0.000000000000000000e+00,0.000000000000000000e+00,0.000000000000000000e+00,0.000000000000000000e+00,0.000000000000000000e+00,0.000000000000000000e+00,0.000000000000000000e+00,0.000000000000000000e+00,3.139981089328021391e-02,3.732655917210592200e-02,-1.190021932683510246e-02,1.308076345247327806e-02
1.069999999999999979e-01,3.117401858834691453e+00,1.767526301957962565e+00,1.965816365371270136e+00,6.701926392591995851e-01,3.006770963553689890e-02,3.927563657355362392e-02,-1.624253130661825265e-02,1.900226890400396121e-02,0.000000000000000000e+00,0.000000000000000000e+00,0.000000000000000000e+00,0.000000000000000000e+00,0.000000000000000000e+00,0.000000000000000000e+00,0.000000000000000000e+00,0.000000000000000000e+00,3.006770963553689890e-02,3.927563657355362392e-02,-1.624253130661825265e-02,1.900226890400396121e-02
1.074999999999999983e-01,2.370374446839842886e+00,7.432810081404740421e-01,1.369762577920667690e+00,1.285168826242450990e+00,3.526610346327008205e-02,1.595246923601490591e-02,-1.770352761374859724e-02,-7.208857560913919417e-03,0.000000000000000000e+00,0.000000000000000000e+00,0.000000000000000000e+00,0.000000000000000000e+00,0.000000000000000000e+00,0.000000000000000000e+00,0.000000000000000000e+00,0.000000000000000000e+00,3.526610346327008205e-02,1.595246923601490591e-02,-1.770352761374859724e-02,-7.208857560913919417e-03
1.079999999999999988e-01,8.842145344730258927e-01,-5.326781169885018707e-01,8.286951379361674752e-02,9.865076501990076574e-01,4.193074217930836678e-02,-1.401351880121077739e-02,-1.617715705108778435e-02,-4.224873728393772898e-02,0.000000000000000000e+00,0.000000000000000000e+00,0.000000000000000000e+00,0.000000000000000000e+00,0.000000000000000000e+00,0.000000000000000000e+00,0.000000000000000000e+00,0.000000000000000000e+00,4.193074217930836678e-02,-1.401351880121077739e-02,-1.617715705108778435e-02,-4.224873728393772898e-02
1.084999999999999992e-01,-5.991529647385430701e-01,-1.274191997713371771e+00,-1.152047223137706800e+00,2.099316561788807933e-01,3.108525079368464755e-02,-3.319613930926387790e-02,-1.716205733565115497e-03,-6.048500386160192421e-02,0.000000000000000000e+00,0.000000000000000000e+00,0.000000000000000000e+00,0.000000000000000000e+00,0.000000000000000000e+00,0.000000000000000000e+00,0.000000000000000000e+00,0.000000000000000000e+00,3.108525079368464755e-02,-3.319613930926387790e-02,-1.716205733565115497e-03,-6.048500386160192421e-02
1.089999999999999997e-01,-1.409833331817306412e+00,-1.135102247562284505e+00,-1.817308852257792040e+00,-3.133446290756920494e-01,-2.571926190247398984e-03,-3.766562072364736113e-02,1.589147591492126588e-02,-4.483448153374002682e-02,0.000000000000000000e+00,0.000000000000000000e+00,0.000000000000000000e+00,0.000000000000000000e+00,0.000000000000000000e+00,0.000000000000000000e+00,0.000000000000000000e+00,0.000000000000000000e+00,-2.571926190247398984e-03,-3.766562072364736113e-02,1.589147591492126588e-02,-4.483448153374002682e-02
1.095000000000000001e-01,-1.317913740838857706e+00,-4.498786658149188655e-01,-1.960023197344403556e+00,-2.281667768494153314e-01,-4.795033438370536333e-02,-2.617318045621783856e-02,3.654509588081910482e-02,-1.672367529655468263e-03,0.000000000000000000e+00,0.000000000000000000e+00,0.000000000000000000e+00,0.000000000000000000e+00,0.000000000000000000e+00,0.000000000000000000e+00,0.000000000000000000e+00,0.000000000000000000e+00,-4.795033438370536333e-02,-2.617318045621783856e-02,3.654509588081910482e-02,-1.672367529655468263e-03
1.100000000000000006e-01,-5.884739015388880112e-01,1.130556804435051549e-01,-1.944391436579879562e+00,1.989190728737768865e-01,-8.674010165593298849e-02,-1.326653920809323789e-02,3.737994330585112795e-02,3.205029376105849453e-02,0.000000000000000000e+00,0.000000000000000000e+00,0.000000000000000000e+00,0.000000000000000000e+00,0.000000000000000000e+00,0.000000000000000000e+00,0.000000000000000000e+00,0.000000000000000000e+00,-8.674010165593298849e-02,-1.326653920809323789e-02,3.737994330585112795e-02,3.205029376105849453e-02
1.105000000000000010e-01,2.469217616840755913e-01,1.326922035676461054e-01,-1.979385242895075780e+00,4.249390652788956335e-01,-9.417433383734707952e-02,-5.485350057016716817e-03,2.261043281853115580e-02,3.583501279370573944e-02,0.000000000000000000e+00,0.000000000000000000e+00,0.000000000000000000e+00,0.000000000000000000e+00,0.000000000000000000e+00,0.000000000000000000e+00,0.000000000000000000e+00,0.000000000000000000e+00,-9.417433383734707952e-02,-5.485350057016716817e-03,2.261043281853115580e-02,3.583501279370573944e-02
1.110000000000000014e-01,7.107052810516500951e-01,-2.692704804980369238e-01,-1.907518851553930084e+00,1.723084084706920649e-01,-6.728052960460281784e-02,4.315028833442900030e-03,8.506671374385975501e-04,4.180157229521956445e-03,0.000000000000000000e+00,0.000000000000000000e+00,0.000000000000000000e+00,0.000000000000000000e+00,0.000000000000000000e+00,0.000000000000000000e+00,0.000000000000000000e+00,0.000000000000000000e+00,-6.728052960460281784e-02,4.315028833442900030e-03,8.506671374385975501e-04,4.180157229521956445e-03
1.115000000000000019e-01,5.859785003199701192e-01,-6.300943516492699681e-01,-1.466997902514559193e+00,-3.473600743149796721e-01,-1.469931979724677963e-02,1.965146749100251874e-02,-5.002822145703798504e-03,-3.340295618156976371e-02,0.000000000000000000e+00,0.000000000000000000e+00,0.000000000000000000e+00,0.000000000000000000e+00,0.000000000000000000e+00,0.000000000000000000e+00,0.000000000000000000e+00,0.000000000000000000e+00,-1.469931979724677963e-02,1.965146749100251874e-02,-5.002822145703798504e-03,-3.340295618156976371e-02
1.120000000000000023e-01,-4.721873307928602798e-02,-5.991790540517392127e-01,-6.655089865243676295e-01,-7.116580444826604568e-01,4.440989232676192250e-02,4.190741350679023230e-02,1.413489987291404425e-02,-4.826287139506058727e-02,0.000000000000000000e+00,0.000000000000000000e+00,0.000000000000000000e+00,0.000000000000000000e+00,0.000000000000000000e+00,0.000000000000000000e+00,0.000000000000000000e+00,0.000000000000000000e+00,4.440989232676192250e-02,4.190741350679023230e-02,1.413489987291404425e-02,-4.826287139506058727e-02
1.125000000000000028e-01,-8.983809116781811266e-01,-2.135788363980152815e-01,1.591061302214211437e-01,-7.409374191441644442e-01,8.701728151682999735e-02,5.588817978896878230e-02,4.602692116815951251e-02,-2.446954739169292584e-02,0.000000000000000000e+00,0.000000000000000000e+00,0.000000000000000000e+00,0.000000000000000000e+00,0.000000000000000000e+00,0.000000000000000000e+00,0.000000000000000000e+00,0.000000000000000000e+00,8.701728151682999735e-02,5.588817978896878230e-02,4.602692116815951251e-02,-2.446954739169292584e-02
1.130000000000000032e-01,-1.600229353357157880e+00,2.036039186603824380e-01,6.415595285410213844e-01,-6.572894253164365264e-01,1.064555972199701106e-01,5.879828640829885822e-02,6.569923177217477928e-02,2.442704173572188622e-02,0.000000000000000000e+00,0.000000000000000000e+00,0.000000000000000000e+00,0.000000000000000000e+00,0.000000000000000000e+00,0.000000000000000000e+00,0.000000000000000000e+00,0.000000000000000000e+00,1.064555972199701106e-01,5.879828640829885822e-02,6.569923177217477928e-02,2.442704173572188622e-02
1.135000000000000037e-01,-1.871485649377568450e+00,3.456319058867198812e-01,7.378380445262854304e-01,-7.995650722526909115e-01,9.743384308743445466e-02,4.244853559883270122e-02,5.714517655044740879e-02,6.081543456635367384e-02,0.000000000000000000e+00,0.000000000000000000e+00,0.000000000000000000e+00,0.000000000000000000e+00,0.000000000000000000e+00,0.000000000000000000e+00,0.000000000000000000e+00,0.000000000000000000e+00,9.743384308743445466e-02,4.244853559883270122e-02,5.714517655044740879e-02,6.081543456635367384e-02
1.140000000000000041e-01,-1.661142671157420425e+00,1.468435612545298530e-01,7.437483130662310149e-01,-1.165756854561161182e+00,6.778567785933399537e-02,1.989535090467047657e-02,2.780012985084614682e-02,7.349420496628078503e-02,0.000000000000000000e+00,0.000000000000000000e+00,0.000000000000000000e+00,0.000000000000000000e+00,0.000000000000000000e+00,0.000000000000000000e+00,0.000000000000000000e+00,0.000000000000000000e+00,6.778567785933399537e-02,1.989535090467047657e-02,2.780012985084614682e-02,7.349420496628078503e-02
1.145000000000000046e-01,-1.168199820221096585e+00,-2.299979349850741761e-01,9.579542686713914401e-01,-1.314724760964957939e+00,2.528644135436688978e-02,-2.912577428745258441e-03,-1.004465721952754569e-02,5.661111969671682453e-02,0.000000000000000000e+00,0.000000000000000000e+00,0.000000000000000000e+00,0.000000000000000000e+00,0.000000000000000000e+00,0.000000000000000000e+00,0.000000000000000000e+00,0.000000000000000000e+00,2.528644135436688978e-02,-2.912577428745258441e-03,-1.004465721952754569e-02,5.661111969671682453e-02
1.150000000000000050e-01,-7.068524259008448496e-01,-5.446218403755969106e-01,1.336601524811666941e+00,-7.597657223226521594e-01,-1.076063262288890800e-02,-9.379356548503752986e-03,-3.383084692038145630e-02,2.822946088543911575e-02,0.000000000000000000e+00,0.000000000000000000e+00,0.000000000000000000e+00,0.000000000000000000e+00,0.000000000000000000e+00,0.000000000000000000e+00,0.000000000000000000e+00,0.000000000000000000e+00,-1.076063262288890800e-02,-9.379356548503752986e-03,-3.383084692038145630e-02,2.822946088543911575e-02
1.155000000000000054e-01,-4.622440365742712665e-01,-6.322085984484675514e-01,1.489820415439722989e+00,4.994724398532811027e-01,-3.236728043710447589e-02,-6.976930679652683202e-03,-4.945384202816308084e-02,7.151480012984589088e-03,0.000000000000000000e+00,0.000000000000000000e+00,0.000000000000000000e+00,0.000000000000000000e+00,0.000000000000000000e+00,0.000000000000000000e+00,0.000000000000000000e+00,0.000000000000000000e+00,-3.236728043710447589e-02,-6.976930679652683202e-03,-4.945384202816308084e-02,7.151480012984589088e-03
1.160000000000000059e-01,-3.579858389041816746e-01,-4.975630226223793362e-01,1.035861659526179368e+00,1.825526006479849528e+00,-3.068985896310614386e-02,-1.133213347767227271e-02,-6.477903073554824864e-02,-3.697873572536224986e-03,0.000000000000000000e+00,0.000000000000000000e+00,0.000000000000000000e+00,0.000000000000000000e+00,0.000000000000000000e+00,0.000000000000000000e+00,0.000000000000000000e+00,0.000000000000000000e+00,-3.068985896310614386e-02,-1.133213347767227271e-02,-6.477903073554824864e-02,-3.697873572536224986e-03
1.165000000000000063e-01,-1.471378603974958788e-01,-3.125530262620627719e-01,3.680807439661718840e-04,2.390970510538021454e+00,-1.577623680162127881e-02,-1.788690530819261187e-02,-7.713977037008910853e-02,-1.009649322116663341e-02,0.000000000000000000e+00,0.000000000000000000e+00,0.000000000000000000e+00,0.000000000000000000e+00,0.000000000000000000e+00,0.000000000000000000e+00,0.000000000000000000e+00,0.000000000000000000e+00,-1.577623680162127881e-02,-1.788690530819261187e-02,-7.713977037008910853e-02,-1.009649322116663341e-02
1.170000000000000068e-01,3.258171944003389608e-01,-3.031512410534727975e-01,-1.097916569306821133e+00,1.878908955307629691e+00,2.511115275667968015e-03,-3.324633732649290296e-02,-8.119719235364694643e-02,-1.497329812469829456e-02,0.000000000000000000e+00,0.000000000000000000e+00,0.000000000000000000e+00,0.000000000000000000e+00,0.000000000000000000e+00,0.000000000000000000e+00,0.000000000000000000e+00,0.000000000000000000e+00,2.511115275667968015e-03,-3.324633732649290296e-02,-8.119719235364694643e-02,-1.497329812469829456e-02
1.174999999999999933e-01,9.475493032372659385e-01,-5.633288373430148654e-01,-1.597983050536887051e+00,7.993472893662386669e-01,6.710636124985088109e-03,-4.143583018293039988e-02,-6.982952593877397862e-02,-2.464960109027730661e-02,0.000000000000000000e+00,0.000000000000000000e+00,0.000000000000000000e+00,0.000000000000000000e+00,0.000000000000000000e+00,0.000000000000000000e+00,0.000000000000000000e+00,0.000000000000000000e+00,6.710636124985088109e-03,-4.143583018293039988e-02,-6.982952593877397862e-02,-2.464960109027730661e-02
1.179999999999999938e-01,1.403536322634491018e+00,-9.153555833703708178e-01,-1.186904007690854579e+00,7.129466142193098543e-02,-1.206562397737367780e-02,-3.604203906353438402e-02,-4.350854198435396419e-02,-3.423578370633122148e-02,0.000000000000000000e+00,0.000000000000000000e+00,0.000000000000000000e+00,0.000000000000000000e+00,0.000000000000000000e+00,0.000000000000000000e+00,0.000000000000000000e+00,0.000000000000000000e+00,-1.206562397737367780e-02,-3.604203906353438402e-02,-4.350854198435396419e-02,-3.423578370633122148e-02
1.184999999999999942e-01,1.435604566941381499e+00,-9.751642563094430338e-01,-1.522017324146721362e-01,2.183647067318480461e-01,-4.405022740121117969e-02,-2.039942337510913806e-02,-8.882333219193079554e-03,-3.814239304682009307e-02,0.000000000000000000e+00,0.000000000000000000e+00,0.000000000000000000e+00,0.000000000000000000e+00,0.000000000000000000e+00,0.000000000000000000e+00,0.000000000000000000e+00,0.000000000000000000e+00,-4.405022740121117969e-02,-2.039942337510913806e-02,-8.882333219193079554e-03,-3.814239304682009307e-02
1.189999999999999947e-01,1.052489207477669275e+00,-4.644847283843628327e-01,8.227651440741302613e-01,8.867825136511182649e-01,-7.535036006638713701e-02,-1.395988985268881806e-03,1.714763798574109321e-02,-4.199870933967861375e-02,0.000000000000000000e+00,0.000000000000000000e+00,0.000000000000000000e+00,0.000000000000000000e+00,0.000000000000000000e+00,0.000000000000000000e+00,0.000000000000000000e+00,0.000000000000000000e+00,-7.535036006638713701e-02,-1.395988985268881806e-03,1.714763798574109321e-02,-4.199870933967861375e-02
1.194999999999999951e-01,5.093301119678029787e-01,4.776542726022984797e-01,1.158486236066190056e+00,1.156311741671522064e+00,-8.788653414452653190e-02,6.077782443615653216e-03,2.451496116766559846e-02,-5.251045926506857364e-02,0.000000000000000000e+00,0.000000000000000000e+00,0.000000000000000000e+00,0.000000000000000000e+00,0.000000000000000000e+00,0.000000000000000000e+00,0.000000000000000000e+00,0.000000000000000000e+00,-8.788653414452653190e-02,6.077782443615653216e-03,2.451496116766559846e-02,-5.251045926506857364e-02
1.199999999999999956e-01,9.467252088487448924e-02,1.312155553236565186e+00,7.992170356957907229e-01,3.927895626797473505e-01,-8.069625016320779165e-02,-1.675258763228262924e-03,2.389600058549450415e-02,-6.286685455955230706e-02,0.000000000000000000e+00,0.000000000000000000e+00,0.000000000000000000e+00,0.000000000000000000e+00,0.000000000000000000e+00,0.000000000000000000e+00,0.000000000000000000e+00,0.000000000000000000e+00,-8.069625016320779165e-02,-1.675258763228262924e-03,2.389600058549450415e-02,-6.286685455955230706e-02
1.204999999999999960e-01,-6.138881219008340134e-02,1.479217636174194439e+00,2.208028965547935984e-01,-1.129117504924376458e+00,-5.817739991936379113e-02,-1.371760962748536962e-02,2.692081154108913119e-02,-6.095132602053402598e-02,0.000000000000000000e+00,0.000000000000000000e+00,0.000000000000000000e+00,0.000000000000000000e+00,0.000000000000000000e+00,0.000000000000000000e+00,0.000000000000000000e+00,0.000000000000000000e+00,-5.817739991936379113e-02,-1.371760962748536962e-02,2.692081154108913119e-02,-6.095132602053402598e-02
1.209999999999999964e-01,-3.228462133824669400e-02,8.898215934267202920e-01,1.424267975189610382e-02,-2.395168902757900842e+00,-3.758285907558472222e-02,-3.042854931187665563e-02,3.403889564244196031e-02,-4.181194706419119611e-02,0.000000000000000000e+00,0.000000000000000000e+00,0.000000000000000000e+00,0.000000000000000000e+00,0.000000000000000000e+00,0.000000000000000000e+00,0.000000000000000000e+00,0.000000000000000000e+00,-3.758285907558472222e-02,-3.042854931187665563e-02,3.403889564244196031e-02,-4.181194706419119611e-02
1.214999999999999969e-01,2.303292929267010750e-02,4.284202245241489071e-02,4.019785129459710893e-01,-2.499148322759826346e+00,-2.655341432038342900e-02,-3.650235726538927916e-02,3.591533165535997635e-02,2.144032585170183719e-03,0.000000000000000000e+00,0.000000000000000000e+00,0.000000000000000000e+00,0.000000000000000000e+00,0.000000000000000000e+00,0.000000000000000000e+00,0.000000000000000000e+00,0.000000000000000000e+00,-2.655341432038342900e-02,-3.650235726538927916e-02,3.591533165535997635e-02,2.144032585170183719e-03
1.219999999999999973e-01,1.373990392622398632e-03,-3.722119513619793763e-01,1.069170932720017841e+00,-1.384419095104477249e+00,-1.689994066797920538e-02,-3.101990978290999207e-02,1.654264736647719294e-02,5.029939106836273793e-02,0.000000000000000000e+00,0.000000000000000000e+00,0.000000000000000000e+00,0.000000000000000000e+00,0.000000000000000000e+00,0.000000000000000000e+00,0.000000000000000000e+00,0.000000000000000000e+00,-1.689994066797920538e-02,-3.101990978290999207e-02,1.654264736647719294e-02,5.029939106836273793e-02
1.224999999999999978e-01,-8.371239410739232667e-02,-4.772011012730084656e-02,1.435017813568913558e+00,1.412857508530437900e-01,-2.879840573617071641e-03,-1.735025330046516961e-02,-1.450670204949462694e-02,7.811698306461145602e-02,0.000000000000000000e+00,0.000000000000000000e+00,0.000000000000000000e+00,0.000000000000000000e+00,0.000000000000000000e+00,0.000000000000000000e+00,0.000000000000000000e+00,0.000000000000000000e+00,-2.879840573617071641e-03,-1.735025330046516961e-02,-1.450670204949462694e-02,7.811698306461145602e-02
1.229999999999999982e-01,-1.373351583249987073e-01,6.862684283784765693e-01,1.129867742704740108e+00,1.102127583765792007e+00,2.361931728847896372e-02,-1.034222673576921242e-02,-4.811837901338481688e-02,7.322199768902343253e-02,0.000000000000000000e+00,0.000000000000000000e+00,0.000000000000000000e+00,0.000000000000000000e+00,0.000000000000000000e+00,0.000000000000000000e+00,0.000000000000000000e+00,0.000000000000000000e+00,2.361931728847896372e-02,-1.034222673576921242e-02,-4.811837901338481688e-02,7.322199768902343253e-02
1.234999999999999987e-01,-7.275800159630421704e-02,1.179868935413162401e+00,2.682028202853651289e-01,1.112392583069743424e+00,5.161821170248540036e-02,-1.180037400467007572e-02,-6.070619090185592343e-02,4.716702380571045211e-02,0.000000000000000000e+00,0.000000000000000000e+00,0.000000000000000000e+00,0.000000000000000000e+00,0.000000000000000000e+00,0.000000000000000000e+00,0.000000000000000000e+00,0.000000000000000000e+00,5.161821170248540036e-02,-1.180037400467007572e-02,-6.070619090185592343e-02,4.716702380571045211e-02
1.239999999999999991e-01,1.189722045314025450e-01,1.048041691454300040e+00,-6.837341733344747263e-01,5.599615681623170138e-01,6.615156447024149455e-02,-2.192331316091541971e-02,-4.096344246406021655e-02,2.075469486103457759e-02,0.000000000000000000e+00,0.000000000000000000e+00,0.000000000000000000e+00,0.000000000000000000e+00,0.000000000000000000e+00,0.000000000000000000e+00,0.000000000000000000e+00,0.000000000000000000e+00,6.615156447024149455e-02,-2.192331316091541971e-02,-4.096344246406021655e-02,2.075469486103457759e-02
1.244999999999999996e-01,3.444731081172482390e-01,4.645929892604055422e-01,-1.310945015108185840e+00,1.467698477804329216e-01,6.228925728201493983e-02,-2.772445375588227651e-02,-8.128907791896679627e-03,1.969481904522314350e-02,0.000000000000000000e+00,0.000000000000000000e+00,0.000000000000000000e+00,0.000000000000000000e+00,0.000000000000000000e+00,0.000000000000000000e+00,0.000000000000000000e+00,0.000000000000000000e+00,6.228925728201493983e-02,-2.772445375588227651e-02,-8.128907791896679627e-03,1.969481904522314350e-02
1.250000000000000000e-01,4.692312487443621172e-01,-7.265255982115692568e-02,-1.529241052018901259e+00,2.696494121275680445e-01,3.984605729917273936e-02,-1.538679876700552868e-02,2.636296713304865647e-02,2.970794267486402337e-02,0.000000000000000000e+00,0.000000000000000000e+00,0.000000000000000000e+00,0.000000000000000000e+00,0.000000000000000000e+00,0.000000000000000000e+00,0.000000000000000000e+00,0.000000000000000000e+00,3.984605729917273936e-02,-1.538679876700552868e-02,2.636296713304865647e-02,2.970794267486402337e-02
1.255000000000000004e-01,4.252147298508542339e-01,-2.403420011401112555e-01,-1.521498834889417839e+00,7.342176338105342870e-01,1.304790177237363791e-02,1.899180585196749010e-02,4.377633621056248314e-02,3.220128137228087800e-02,0.000000000000000000e+00,0.000000000000000000e+00,0.000000000000000000e+00,0.000000000000000000e+00,0.000000000000000000e+00,0.000000000000000000e+00,0.000000000000000000e+00,0.000000000000000000e+00,1.304790177237363791e-02,1.899180585196749010e-02,4.377633621056248314e-02,3.220128137228087800e-02
1.260000000000000009e-01,2.720448889363513145e-01,-1.444890339731295381e-01,-1.432298450853549454e+00,1.014272541387957860e+00,-5.895772354636829313e-04,5.433918319318615381e-02,4.024089961811152388e-02,9.977852670078406552e-03,0.000000000000000000e+00,0.000000000000000000e+00,0.000000000000000000e+00,0.000000000000000000e+00,0.000000000000000000e+00,0.000000000000000000e+00,0.000000000000000000e+00,0.000000000000000000e+00,-5.895772354636829313e-04,5.433918319318615381e-02,4.024089961811152388e-02,9.977852670078406552e-03
1.265000000000000013e-01,1.464995272209713151e-01,-1.148107376857534639e-01,-1.160341704604568092e+00,7.235584399248542464e-01,1.152854584793387141e-03,7.307773109566166603e-02,3.079395712274636890e-02,-3.166963270688313153e-02,0.000000000000000000e+00,0.000000000000000000e+00,0.000000000000000000e+00,0.000000000000000000e+00,0.000000000000000000e+00,0.000000000000000000e+00,0.000000000000000000e+00,0.000000000000000000e+00,1.152854584793387141e-03,7.307773109566166603e-02,3.079395712274636890e-02,-3.166963270688313153e-02
1.270000000000000018e-01,1.321185886400964571e-01,-2.863057990990131585e-01,-4.941668191384162578e-01,-7.552052974952098985e-02,8.445446853828716613e-03,5.689378759157003723e-02,2.710392207266871384e-02,-6.769039275647334430e-02,0.000000000000000000e+00,0.000000000000000000e+00,0.000000000000000000e+00,0.000000000000000000e+00,0.000000000000000000e+00,0.000000000000000000e+00,0.000000000000000000e+00,0.000000000000000000e+00,8.445446853828716613e-03,5.689378759157003723e-02,2.710392207266871384e-02,-6.769039275647334430e-02
1.275000000000000022e-01,1.642166745588774790e-01,-4.487645907607836770e-01,5.486906473806784090e-01,-9.158837516130911016e-01,1.046158473612136992e-02,2.080846097871450959e-02,3.647732783707629406e-02,-7.432518096171325528e-02,0.000000000000000000e+00,0.000000000000000000e+00,0.000000000000000000e+00,0.000000000000000000e+00,0.000000000000000000e+00,0.000000000000000000e+00,0.000000000000000000e+00,0.000000000000000000e+00,1.046158473612136992e-02,2.080846097871450959e-02,3.647732783707629406e-02,-7.432518096171325528e-02
